--
-- PostgreSQL database dump
--

\restrict pWSmjkWV93XY9EGGYDB3Ct08cuB1gwYl8xRKgPkUGlNTUdE5jeGjYaprA40w7xE

-- Dumped from database version 17.10 (Homebrew)
-- Dumped by pg_dump version 18.3

SET statement_timeout = 0;
SET lock_timeout = 0;
SET idle_in_transaction_session_timeout = 0;
SET transaction_timeout = 0;
SET client_encoding = 'UTF8';
SET standard_conforming_strings = on;
SELECT pg_catalog.set_config('search_path', '', false);
SET check_function_bodies = false;
SET xmloption = content;
SET client_min_messages = warning;
SET row_security = off;

SET default_tablespace = '';

SET default_table_access_method = heap;

--
-- Name: auth_group; Type: TABLE; Schema: public; Owner: oleksandrpechak
--

CREATE TABLE public.auth_group (
    id integer NOT NULL,
    name character varying(150) NOT NULL
);


ALTER TABLE public.auth_group OWNER TO oleksandrpechak;

--
-- Name: auth_group_id_seq; Type: SEQUENCE; Schema: public; Owner: oleksandrpechak
--

ALTER TABLE public.auth_group ALTER COLUMN id ADD GENERATED BY DEFAULT AS IDENTITY (
    SEQUENCE NAME public.auth_group_id_seq
    START WITH 1
    INCREMENT BY 1
    NO MINVALUE
    NO MAXVALUE
    CACHE 1
);


--
-- Name: auth_group_permissions; Type: TABLE; Schema: public; Owner: oleksandrpechak
--

CREATE TABLE public.auth_group_permissions (
    id bigint NOT NULL,
    group_id integer NOT NULL,
    permission_id integer NOT NULL
);


ALTER TABLE public.auth_group_permissions OWNER TO oleksandrpechak;

--
-- Name: auth_group_permissions_id_seq; Type: SEQUENCE; Schema: public; Owner: oleksandrpechak
--

ALTER TABLE public.auth_group_permissions ALTER COLUMN id ADD GENERATED BY DEFAULT AS IDENTITY (
    SEQUENCE NAME public.auth_group_permissions_id_seq
    START WITH 1
    INCREMENT BY 1
    NO MINVALUE
    NO MAXVALUE
    CACHE 1
);


--
-- Name: auth_permission; Type: TABLE; Schema: public; Owner: oleksandrpechak
--

CREATE TABLE public.auth_permission (
    id integer NOT NULL,
    name character varying(255) NOT NULL,
    content_type_id integer NOT NULL,
    codename character varying(100) NOT NULL
);


ALTER TABLE public.auth_permission OWNER TO oleksandrpechak;

--
-- Name: auth_permission_id_seq; Type: SEQUENCE; Schema: public; Owner: oleksandrpechak
--

ALTER TABLE public.auth_permission ALTER COLUMN id ADD GENERATED BY DEFAULT AS IDENTITY (
    SEQUENCE NAME public.auth_permission_id_seq
    START WITH 1
    INCREMENT BY 1
    NO MINVALUE
    NO MAXVALUE
    CACHE 1
);


--
-- Name: authtoken_token; Type: TABLE; Schema: public; Owner: oleksandrpechak
--

CREATE TABLE public.authtoken_token (
    key character varying(40) NOT NULL,
    created timestamp with time zone NOT NULL,
    user_id bigint NOT NULL
);


ALTER TABLE public.authtoken_token OWNER TO oleksandrpechak;

--
-- Name: aviation_airline; Type: TABLE; Schema: public; Owner: oleksandrpechak
--

CREATE TABLE public.aviation_airline (
    id bigint NOT NULL,
    name character varying(50) NOT NULL,
    is_active boolean NOT NULL,
    founded_year integer
);


ALTER TABLE public.aviation_airline OWNER TO oleksandrpechak;

--
-- Name: aviation_airline_id_seq; Type: SEQUENCE; Schema: public; Owner: oleksandrpechak
--

ALTER TABLE public.aviation_airline ALTER COLUMN id ADD GENERATED BY DEFAULT AS IDENTITY (
    SEQUENCE NAME public.aviation_airline_id_seq
    START WITH 1
    INCREMENT BY 1
    NO MINVALUE
    NO MAXVALUE
    CACHE 1
);


--
-- Name: aviation_airplane; Type: TABLE; Schema: public; Owner: oleksandrpechak
--

CREATE TABLE public.aviation_airplane (
    id bigint NOT NULL,
    brand character varying(50) NOT NULL,
    model character varying(100) NOT NULL,
    rows integer NOT NULL,
    seats_per_row integer NOT NULL,
    business_rows_percent integer NOT NULL,
    CONSTRAINT aviation_airplane_business_rows_percent_check CHECK ((business_rows_percent >= 0)),
    CONSTRAINT aviation_airplane_seats_check CHECK ((rows >= 0)),
    CONSTRAINT aviation_airplane_seats_per_row_check CHECK ((seats_per_row >= 0))
);


ALTER TABLE public.aviation_airplane OWNER TO oleksandrpechak;

--
-- Name: aviation_airplane_id_seq; Type: SEQUENCE; Schema: public; Owner: oleksandrpechak
--

ALTER TABLE public.aviation_airplane ALTER COLUMN id ADD GENERATED BY DEFAULT AS IDENTITY (
    SEQUENCE NAME public.aviation_airplane_id_seq
    START WITH 1
    INCREMENT BY 1
    NO MINVALUE
    NO MAXVALUE
    CACHE 1
);


--
-- Name: aviation_airplaneseat; Type: TABLE; Schema: public; Owner: oleksandrpechak
--

CREATE TABLE public.aviation_airplaneseat (
    id bigint NOT NULL,
    "row" integer NOT NULL,
    seat character varying(10) NOT NULL,
    class_type character varying(10) NOT NULL,
    airplane_id bigint NOT NULL,
    CONSTRAINT aviation_airplaneseat_row_check CHECK (("row" >= 0))
);


ALTER TABLE public.aviation_airplaneseat OWNER TO oleksandrpechak;

--
-- Name: aviation_airplaneseat_id_seq; Type: SEQUENCE; Schema: public; Owner: oleksandrpechak
--

ALTER TABLE public.aviation_airplaneseat ALTER COLUMN id ADD GENERATED BY DEFAULT AS IDENTITY (
    SEQUENCE NAME public.aviation_airplaneseat_id_seq
    START WITH 1
    INCREMENT BY 1
    NO MINVALUE
    NO MAXVALUE
    CACHE 1
);


--
-- Name: aviation_airport; Type: TABLE; Schema: public; Owner: oleksandrpechak
--

CREATE TABLE public.aviation_airport (
    id bigint NOT NULL,
    name character varying(200) NOT NULL,
    iata_code character varying(3) NOT NULL,
    city_id bigint NOT NULL
);


ALTER TABLE public.aviation_airport OWNER TO oleksandrpechak;

--
-- Name: aviation_airport_airline; Type: TABLE; Schema: public; Owner: oleksandrpechak
--

CREATE TABLE public.aviation_airport_airline (
    id bigint NOT NULL,
    airport_id bigint NOT NULL,
    airline_id bigint NOT NULL
);


ALTER TABLE public.aviation_airport_airline OWNER TO oleksandrpechak;

--
-- Name: aviation_airport_airline_id_seq; Type: SEQUENCE; Schema: public; Owner: oleksandrpechak
--

ALTER TABLE public.aviation_airport_airline ALTER COLUMN id ADD GENERATED BY DEFAULT AS IDENTITY (
    SEQUENCE NAME public.aviation_airport_airline_id_seq
    START WITH 1
    INCREMENT BY 1
    NO MINVALUE
    NO MAXVALUE
    CACHE 1
);


--
-- Name: aviation_airport_id_seq; Type: SEQUENCE; Schema: public; Owner: oleksandrpechak
--

ALTER TABLE public.aviation_airport ALTER COLUMN id ADD GENERATED BY DEFAULT AS IDENTITY (
    SEQUENCE NAME public.aviation_airport_id_seq
    START WITH 1
    INCREMENT BY 1
    NO MINVALUE
    NO MAXVALUE
    CACHE 1
);


--
-- Name: aviation_fleetitem; Type: TABLE; Schema: public; Owner: oleksandrpechak
--

CREATE TABLE public.aviation_fleetitem (
    id bigint NOT NULL,
    tail_number character varying(8) NOT NULL,
    airline_id bigint NOT NULL,
    airplane_id bigint NOT NULL
);


ALTER TABLE public.aviation_fleetitem OWNER TO oleksandrpechak;

--
-- Name: aviation_fleetitem_id_seq; Type: SEQUENCE; Schema: public; Owner: oleksandrpechak
--

ALTER TABLE public.aviation_fleetitem ALTER COLUMN id ADD GENERATED BY DEFAULT AS IDENTITY (
    SEQUENCE NAME public.aviation_fleetitem_id_seq
    START WITH 1
    INCREMENT BY 1
    NO MINVALUE
    NO MAXVALUE
    CACHE 1
);


--
-- Name: django_admin_log; Type: TABLE; Schema: public; Owner: oleksandrpechak
--

CREATE TABLE public.django_admin_log (
    id integer NOT NULL,
    action_time timestamp with time zone NOT NULL,
    object_id text,
    object_repr character varying(200) NOT NULL,
    action_flag smallint NOT NULL,
    change_message text NOT NULL,
    content_type_id integer,
    user_id bigint NOT NULL,
    CONSTRAINT django_admin_log_action_flag_check CHECK ((action_flag >= 0))
);


ALTER TABLE public.django_admin_log OWNER TO oleksandrpechak;

--
-- Name: django_admin_log_id_seq; Type: SEQUENCE; Schema: public; Owner: oleksandrpechak
--

ALTER TABLE public.django_admin_log ALTER COLUMN id ADD GENERATED BY DEFAULT AS IDENTITY (
    SEQUENCE NAME public.django_admin_log_id_seq
    START WITH 1
    INCREMENT BY 1
    NO MINVALUE
    NO MAXVALUE
    CACHE 1
);


--
-- Name: django_content_type; Type: TABLE; Schema: public; Owner: oleksandrpechak
--

CREATE TABLE public.django_content_type (
    id integer NOT NULL,
    app_label character varying(100) NOT NULL,
    model character varying(100) NOT NULL
);


ALTER TABLE public.django_content_type OWNER TO oleksandrpechak;

--
-- Name: django_content_type_id_seq; Type: SEQUENCE; Schema: public; Owner: oleksandrpechak
--

ALTER TABLE public.django_content_type ALTER COLUMN id ADD GENERATED BY DEFAULT AS IDENTITY (
    SEQUENCE NAME public.django_content_type_id_seq
    START WITH 1
    INCREMENT BY 1
    NO MINVALUE
    NO MAXVALUE
    CACHE 1
);


--
-- Name: django_migrations; Type: TABLE; Schema: public; Owner: oleksandrpechak
--

CREATE TABLE public.django_migrations (
    id bigint NOT NULL,
    app character varying(255) NOT NULL,
    name character varying(255) NOT NULL,
    applied timestamp with time zone NOT NULL
);


ALTER TABLE public.django_migrations OWNER TO oleksandrpechak;

--
-- Name: django_migrations_id_seq; Type: SEQUENCE; Schema: public; Owner: oleksandrpechak
--

ALTER TABLE public.django_migrations ALTER COLUMN id ADD GENERATED BY DEFAULT AS IDENTITY (
    SEQUENCE NAME public.django_migrations_id_seq
    START WITH 1
    INCREMENT BY 1
    NO MINVALUE
    NO MAXVALUE
    CACHE 1
);


--
-- Name: django_session; Type: TABLE; Schema: public; Owner: oleksandrpechak
--

CREATE TABLE public.django_session (
    session_key character varying(40) NOT NULL,
    session_data text NOT NULL,
    expire_date timestamp with time zone NOT NULL
);


ALTER TABLE public.django_session OWNER TO oleksandrpechak;

--
-- Name: flights_booking; Type: TABLE; Schema: public; Owner: oleksandrpechak
--

CREATE TABLE public.flights_booking (
    id bigint NOT NULL,
    status character varying(10) NOT NULL,
    total_price numeric(10,2) NOT NULL,
    created_at timestamp with time zone NOT NULL,
    user_id bigint NOT NULL
);


ALTER TABLE public.flights_booking OWNER TO oleksandrpechak;

--
-- Name: flights_booking_id_seq; Type: SEQUENCE; Schema: public; Owner: oleksandrpechak
--

ALTER TABLE public.flights_booking ALTER COLUMN id ADD GENERATED BY DEFAULT AS IDENTITY (
    SEQUENCE NAME public.flights_booking_id_seq
    START WITH 1
    INCREMENT BY 1
    NO MINVALUE
    NO MAXVALUE
    CACHE 1
);


--
-- Name: flights_flight; Type: TABLE; Schema: public; Owner: oleksandrpechak
--

CREATE TABLE public.flights_flight (
    id bigint NOT NULL,
    flight_number character varying(5) NOT NULL,
    departure_time timestamp with time zone NOT NULL,
    arrival_time timestamp with time zone NOT NULL,
    ticket_price numeric(8,2) NOT NULL,
    flight_status character varying(10) NOT NULL,
    created_at timestamp with time zone NOT NULL,
    airline_name_id bigint NOT NULL,
    airplane_id bigint NOT NULL,
    arrival_airport_id bigint NOT NULL,
    departure_airport_id bigint NOT NULL,
    business_percent integer NOT NULL,
    CONSTRAINT flights_flight_business_percent_check CHECK ((business_percent >= 0))
);


ALTER TABLE public.flights_flight OWNER TO oleksandrpechak;

--
-- Name: flights_flight_id_seq; Type: SEQUENCE; Schema: public; Owner: oleksandrpechak
--

ALTER TABLE public.flights_flight ALTER COLUMN id ADD GENERATED BY DEFAULT AS IDENTITY (
    SEQUENCE NAME public.flights_flight_id_seq
    START WITH 1
    INCREMENT BY 1
    NO MINVALUE
    NO MAXVALUE
    CACHE 1
);


--
-- Name: flights_ticket; Type: TABLE; Schema: public; Owner: oleksandrpechak
--

CREATE TABLE public.flights_ticket (
    id bigint NOT NULL,
    price numeric(10,2) NOT NULL,
    ticket_status character varying(10) NOT NULL,
    booking_id bigint,
    flight_number_id bigint NOT NULL,
    flight_seat_id bigint NOT NULL,
    passenger_name_id bigint
);


ALTER TABLE public.flights_ticket OWNER TO oleksandrpechak;

--
-- Name: flights_ticket_id_seq; Type: SEQUENCE; Schema: public; Owner: oleksandrpechak
--

ALTER TABLE public.flights_ticket ALTER COLUMN id ADD GENERATED BY DEFAULT AS IDENTITY (
    SEQUENCE NAME public.flights_ticket_id_seq
    START WITH 1
    INCREMENT BY 1
    NO MINVALUE
    NO MAXVALUE
    CACHE 1
);


--
-- Name: locations_city; Type: TABLE; Schema: public; Owner: oleksandrpechak
--

CREATE TABLE public.locations_city (
    id bigint NOT NULL,
    city character varying(150) NOT NULL,
    country_id bigint NOT NULL
);


ALTER TABLE public.locations_city OWNER TO oleksandrpechak;

--
-- Name: locations_city_id_seq; Type: SEQUENCE; Schema: public; Owner: oleksandrpechak
--

ALTER TABLE public.locations_city ALTER COLUMN id ADD GENERATED BY DEFAULT AS IDENTITY (
    SEQUENCE NAME public.locations_city_id_seq
    START WITH 1
    INCREMENT BY 1
    NO MINVALUE
    NO MAXVALUE
    CACHE 1
);


--
-- Name: locations_country; Type: TABLE; Schema: public; Owner: oleksandrpechak
--

CREATE TABLE public.locations_country (
    id bigint NOT NULL,
    country character varying(100) NOT NULL,
    code character varying(2) NOT NULL
);


ALTER TABLE public.locations_country OWNER TO oleksandrpechak;

--
-- Name: locations_country_id_seq; Type: SEQUENCE; Schema: public; Owner: oleksandrpechak
--

ALTER TABLE public.locations_country ALTER COLUMN id ADD GENERATED BY DEFAULT AS IDENTITY (
    SEQUENCE NAME public.locations_country_id_seq
    START WITH 1
    INCREMENT BY 1
    NO MINVALUE
    NO MAXVALUE
    CACHE 1
);


--
-- Name: payments_payment; Type: TABLE; Schema: public; Owner: oleksandrpechak
--

CREATE TABLE public.payments_payment (
    id bigint NOT NULL,
    stripe_session_id character varying(255) NOT NULL,
    amount numeric(10,2) NOT NULL,
    status character varying(10) NOT NULL,
    created_at timestamp with time zone NOT NULL,
    booking_id bigint NOT NULL
);


ALTER TABLE public.payments_payment OWNER TO oleksandrpechak;

--
-- Name: payments_payment_id_seq; Type: SEQUENCE; Schema: public; Owner: oleksandrpechak
--

ALTER TABLE public.payments_payment ALTER COLUMN id ADD GENERATED BY DEFAULT AS IDENTITY (
    SEQUENCE NAME public.payments_payment_id_seq
    START WITH 1
    INCREMENT BY 1
    NO MINVALUE
    NO MAXVALUE
    CACHE 1
);


--
-- Name: users_customuser; Type: TABLE; Schema: public; Owner: oleksandrpechak
--

CREATE TABLE public.users_customuser (
    id bigint NOT NULL,
    password character varying(128) NOT NULL,
    last_login timestamp with time zone,
    is_superuser boolean NOT NULL,
    first_name character varying(150) NOT NULL,
    last_name character varying(150) NOT NULL,
    is_staff boolean NOT NULL,
    is_active boolean NOT NULL,
    date_joined timestamp with time zone NOT NULL,
    email character varying(254) NOT NULL,
    role character varying(20) NOT NULL
);


ALTER TABLE public.users_customuser OWNER TO oleksandrpechak;

--
-- Name: users_customuser_groups; Type: TABLE; Schema: public; Owner: oleksandrpechak
--

CREATE TABLE public.users_customuser_groups (
    id bigint NOT NULL,
    customuser_id bigint NOT NULL,
    group_id integer NOT NULL
);


ALTER TABLE public.users_customuser_groups OWNER TO oleksandrpechak;

--
-- Name: users_customuser_groups_id_seq; Type: SEQUENCE; Schema: public; Owner: oleksandrpechak
--

ALTER TABLE public.users_customuser_groups ALTER COLUMN id ADD GENERATED BY DEFAULT AS IDENTITY (
    SEQUENCE NAME public.users_customuser_groups_id_seq
    START WITH 1
    INCREMENT BY 1
    NO MINVALUE
    NO MAXVALUE
    CACHE 1
);


--
-- Name: users_customuser_id_seq; Type: SEQUENCE; Schema: public; Owner: oleksandrpechak
--

ALTER TABLE public.users_customuser ALTER COLUMN id ADD GENERATED BY DEFAULT AS IDENTITY (
    SEQUENCE NAME public.users_customuser_id_seq
    START WITH 1
    INCREMENT BY 1
    NO MINVALUE
    NO MAXVALUE
    CACHE 1
);


--
-- Name: users_customuser_user_permissions; Type: TABLE; Schema: public; Owner: oleksandrpechak
--

CREATE TABLE public.users_customuser_user_permissions (
    id bigint NOT NULL,
    customuser_id bigint NOT NULL,
    permission_id integer NOT NULL
);


ALTER TABLE public.users_customuser_user_permissions OWNER TO oleksandrpechak;

--
-- Name: users_customuser_user_permissions_id_seq; Type: SEQUENCE; Schema: public; Owner: oleksandrpechak
--

ALTER TABLE public.users_customuser_user_permissions ALTER COLUMN id ADD GENERATED BY DEFAULT AS IDENTITY (
    SEQUENCE NAME public.users_customuser_user_permissions_id_seq
    START WITH 1
    INCREMENT BY 1
    NO MINVALUE
    NO MAXVALUE
    CACHE 1
);


--
-- Data for Name: auth_group; Type: TABLE DATA; Schema: public; Owner: oleksandrpechak
--

COPY public.auth_group (id, name) FROM stdin;
\.


--
-- Data for Name: auth_group_permissions; Type: TABLE DATA; Schema: public; Owner: oleksandrpechak
--

COPY public.auth_group_permissions (id, group_id, permission_id) FROM stdin;
\.


--
-- Data for Name: auth_permission; Type: TABLE DATA; Schema: public; Owner: oleksandrpechak
--

COPY public.auth_permission (id, name, content_type_id, codename) FROM stdin;
1	Can add log entry	1	add_logentry
2	Can change log entry	1	change_logentry
3	Can delete log entry	1	delete_logentry
4	Can view log entry	1	view_logentry
5	Can add permission	3	add_permission
6	Can change permission	3	change_permission
7	Can delete permission	3	delete_permission
8	Can view permission	3	view_permission
9	Can add group	2	add_group
10	Can change group	2	change_group
11	Can delete group	2	delete_group
12	Can view group	2	view_group
13	Can add content type	4	add_contenttype
14	Can change content type	4	change_contenttype
15	Can delete content type	4	delete_contenttype
16	Can view content type	4	view_contenttype
17	Can add session	5	add_session
18	Can change session	5	change_session
19	Can delete session	5	delete_session
20	Can view session	5	view_session
21	Can add Token	6	add_token
22	Can change Token	6	change_token
23	Can delete Token	6	delete_token
24	Can view Token	6	view_token
25	Can add Token	7	add_tokenproxy
26	Can change Token	7	change_tokenproxy
27	Can delete Token	7	delete_tokenproxy
28	Can view Token	7	view_tokenproxy
29	Can add user	8	add_customuser
30	Can change user	8	change_customuser
31	Can delete user	8	delete_customuser
32	Can view user	8	view_customuser
33	Can add country	10	add_country
34	Can change country	10	change_country
35	Can delete country	10	delete_country
36	Can view country	10	view_country
37	Can add city	9	add_city
38	Can change city	9	change_city
39	Can delete city	9	delete_city
40	Can view city	9	view_city
41	Can add airline	11	add_airline
42	Can change airline	11	change_airline
43	Can delete airline	11	delete_airline
44	Can view airline	11	view_airline
45	Can add airplane	12	add_airplane
46	Can change airplane	12	change_airplane
47	Can delete airplane	12	delete_airplane
48	Can view airplane	12	view_airplane
49	Can add airport	14	add_airport
50	Can change airport	14	change_airport
51	Can delete airport	14	delete_airport
52	Can view airport	14	view_airport
53	Can add airplane seat	13	add_airplaneseat
54	Can change airplane seat	13	change_airplaneseat
55	Can delete airplane seat	13	delete_airplaneseat
56	Can view airplane seat	13	view_airplaneseat
57	Can add fleet item	15	add_fleetitem
58	Can change fleet item	15	change_fleetitem
59	Can delete fleet item	15	delete_fleetitem
60	Can view fleet item	15	view_fleetitem
61	Can add booking	16	add_booking
62	Can change booking	16	change_booking
63	Can delete booking	16	delete_booking
64	Can view booking	16	view_booking
65	Can add flight	17	add_flight
66	Can change flight	17	change_flight
67	Can delete flight	17	delete_flight
68	Can view flight	17	view_flight
69	Can add ticket	18	add_ticket
70	Can change ticket	18	change_ticket
71	Can delete ticket	18	delete_ticket
72	Can view ticket	18	view_ticket
73	Can add payment	19	add_payment
74	Can change payment	19	change_payment
75	Can delete payment	19	delete_payment
76	Can view payment	19	view_payment
\.


--
-- Data for Name: authtoken_token; Type: TABLE DATA; Schema: public; Owner: oleksandrpechak
--

COPY public.authtoken_token (key, created, user_id) FROM stdin;
\.


--
-- Data for Name: aviation_airline; Type: TABLE DATA; Schema: public; Owner: oleksandrpechak
--

COPY public.aviation_airline (id, name, is_active, founded_year) FROM stdin;
1	qwe	t	2122
\.


--
-- Data for Name: aviation_airplane; Type: TABLE DATA; Schema: public; Owner: oleksandrpechak
--

COPY public.aviation_airplane (id, brand, model, rows, seats_per_row, business_rows_percent) FROM stdin;
1	SS	AS	10	5	10
2	Boeing	737	30	6	10
3	Airbus	217	20	6	10
4	Ferrari	217	20	6	10
5	Lamborgini	217	20	6	10
\.


--
-- Data for Name: aviation_airplaneseat; Type: TABLE DATA; Schema: public; Owner: oleksandrpechak
--

COPY public.aviation_airplaneseat (id, "row", seat, class_type, airplane_id) FROM stdin;
1	1	A	BUSINESS	2
2	1	B	BUSINESS	2
3	1	C	BUSINESS	2
4	1	D	BUSINESS	2
5	1	E	BUSINESS	2
6	1	F	BUSINESS	2
7	2	A	BUSINESS	2
8	2	B	BUSINESS	2
9	2	C	BUSINESS	2
10	2	D	BUSINESS	2
11	2	E	BUSINESS	2
12	2	F	BUSINESS	2
13	3	A	BUSINESS	2
14	3	B	BUSINESS	2
15	3	C	BUSINESS	2
16	3	D	BUSINESS	2
17	3	E	BUSINESS	2
18	3	F	BUSINESS	2
19	4	A	ECONOMY	2
20	4	B	ECONOMY	2
21	4	C	ECONOMY	2
22	4	D	ECONOMY	2
23	4	E	ECONOMY	2
24	4	F	ECONOMY	2
25	5	A	ECONOMY	2
26	5	B	ECONOMY	2
27	5	C	ECONOMY	2
28	5	D	ECONOMY	2
29	5	E	ECONOMY	2
30	5	F	ECONOMY	2
31	6	A	ECONOMY	2
32	6	B	ECONOMY	2
33	6	C	ECONOMY	2
34	6	D	ECONOMY	2
35	6	E	ECONOMY	2
36	6	F	ECONOMY	2
37	7	A	ECONOMY	2
38	7	B	ECONOMY	2
39	7	C	ECONOMY	2
40	7	D	ECONOMY	2
41	7	E	ECONOMY	2
42	7	F	ECONOMY	2
43	8	A	ECONOMY	2
44	8	B	ECONOMY	2
45	8	C	ECONOMY	2
46	8	D	ECONOMY	2
47	8	E	ECONOMY	2
48	8	F	ECONOMY	2
49	9	A	ECONOMY	2
50	9	B	ECONOMY	2
51	9	C	ECONOMY	2
52	9	D	ECONOMY	2
53	9	E	ECONOMY	2
54	9	F	ECONOMY	2
55	10	A	ECONOMY	2
56	10	B	ECONOMY	2
57	10	C	ECONOMY	2
58	10	D	ECONOMY	2
59	10	E	ECONOMY	2
60	10	F	ECONOMY	2
61	11	A	ECONOMY	2
62	11	B	ECONOMY	2
63	11	C	ECONOMY	2
64	11	D	ECONOMY	2
65	11	E	ECONOMY	2
66	11	F	ECONOMY	2
67	12	A	ECONOMY	2
68	12	B	ECONOMY	2
69	12	C	ECONOMY	2
70	12	D	ECONOMY	2
71	12	E	ECONOMY	2
72	12	F	ECONOMY	2
73	13	A	ECONOMY	2
74	13	B	ECONOMY	2
75	13	C	ECONOMY	2
76	13	D	ECONOMY	2
77	13	E	ECONOMY	2
78	13	F	ECONOMY	2
79	14	A	ECONOMY	2
80	14	B	ECONOMY	2
81	14	C	ECONOMY	2
82	14	D	ECONOMY	2
83	14	E	ECONOMY	2
84	14	F	ECONOMY	2
85	15	A	ECONOMY	2
86	15	B	ECONOMY	2
87	15	C	ECONOMY	2
88	15	D	ECONOMY	2
89	15	E	ECONOMY	2
90	15	F	ECONOMY	2
91	16	A	ECONOMY	2
92	16	B	ECONOMY	2
93	16	C	ECONOMY	2
94	16	D	ECONOMY	2
95	16	E	ECONOMY	2
96	16	F	ECONOMY	2
97	17	A	ECONOMY	2
98	17	B	ECONOMY	2
99	17	C	ECONOMY	2
100	17	D	ECONOMY	2
101	17	E	ECONOMY	2
102	17	F	ECONOMY	2
103	18	A	ECONOMY	2
104	18	B	ECONOMY	2
105	18	C	ECONOMY	2
106	18	D	ECONOMY	2
107	18	E	ECONOMY	2
108	18	F	ECONOMY	2
109	19	A	ECONOMY	2
110	19	B	ECONOMY	2
111	19	C	ECONOMY	2
112	19	D	ECONOMY	2
113	19	E	ECONOMY	2
114	19	F	ECONOMY	2
115	20	A	ECONOMY	2
116	20	B	ECONOMY	2
117	20	C	ECONOMY	2
118	20	D	ECONOMY	2
119	20	E	ECONOMY	2
120	20	F	ECONOMY	2
121	21	A	ECONOMY	2
122	21	B	ECONOMY	2
123	21	C	ECONOMY	2
124	21	D	ECONOMY	2
125	21	E	ECONOMY	2
126	21	F	ECONOMY	2
127	22	A	ECONOMY	2
128	22	B	ECONOMY	2
129	22	C	ECONOMY	2
130	22	D	ECONOMY	2
131	22	E	ECONOMY	2
132	22	F	ECONOMY	2
133	23	A	ECONOMY	2
134	23	B	ECONOMY	2
135	23	C	ECONOMY	2
136	23	D	ECONOMY	2
137	23	E	ECONOMY	2
138	23	F	ECONOMY	2
139	24	A	ECONOMY	2
140	24	B	ECONOMY	2
141	24	C	ECONOMY	2
142	24	D	ECONOMY	2
143	24	E	ECONOMY	2
144	24	F	ECONOMY	2
145	25	A	ECONOMY	2
146	25	B	ECONOMY	2
147	25	C	ECONOMY	2
148	25	D	ECONOMY	2
149	25	E	ECONOMY	2
150	25	F	ECONOMY	2
151	26	A	ECONOMY	2
152	26	B	ECONOMY	2
153	26	C	ECONOMY	2
154	26	D	ECONOMY	2
155	26	E	ECONOMY	2
156	26	F	ECONOMY	2
157	27	A	ECONOMY	2
158	27	B	ECONOMY	2
159	27	C	ECONOMY	2
160	27	D	ECONOMY	2
161	27	E	ECONOMY	2
162	27	F	ECONOMY	2
163	28	A	ECONOMY	2
164	28	B	ECONOMY	2
165	28	C	ECONOMY	2
166	28	D	ECONOMY	2
167	28	E	ECONOMY	2
168	28	F	ECONOMY	2
169	29	A	ECONOMY	2
170	29	B	ECONOMY	2
171	29	C	ECONOMY	2
172	29	D	ECONOMY	2
173	29	E	ECONOMY	2
174	29	F	ECONOMY	2
175	30	A	ECONOMY	2
176	30	B	ECONOMY	2
177	30	C	ECONOMY	2
178	30	D	ECONOMY	2
179	30	E	ECONOMY	2
180	30	F	ECONOMY	2
181	1	A	BUSINESS	3
182	1	B	BUSINESS	3
183	1	C	BUSINESS	3
184	1	D	BUSINESS	3
185	1	E	BUSINESS	3
186	1	F	BUSINESS	3
187	2	A	BUSINESS	3
188	2	B	BUSINESS	3
189	2	C	BUSINESS	3
190	2	D	BUSINESS	3
191	2	E	BUSINESS	3
192	2	F	BUSINESS	3
193	3	A	ECONOMY	3
194	3	B	ECONOMY	3
195	3	C	ECONOMY	3
196	3	D	ECONOMY	3
197	3	E	ECONOMY	3
198	3	F	ECONOMY	3
199	4	A	ECONOMY	3
200	4	B	ECONOMY	3
201	4	C	ECONOMY	3
202	4	D	ECONOMY	3
203	4	E	ECONOMY	3
204	4	F	ECONOMY	3
205	5	A	ECONOMY	3
206	5	B	ECONOMY	3
207	5	C	ECONOMY	3
208	5	D	ECONOMY	3
209	5	E	ECONOMY	3
210	5	F	ECONOMY	3
211	6	A	ECONOMY	3
212	6	B	ECONOMY	3
213	6	C	ECONOMY	3
214	6	D	ECONOMY	3
215	6	E	ECONOMY	3
216	6	F	ECONOMY	3
217	7	A	ECONOMY	3
218	7	B	ECONOMY	3
219	7	C	ECONOMY	3
220	7	D	ECONOMY	3
221	7	E	ECONOMY	3
222	7	F	ECONOMY	3
223	8	A	ECONOMY	3
224	8	B	ECONOMY	3
225	8	C	ECONOMY	3
226	8	D	ECONOMY	3
227	8	E	ECONOMY	3
228	8	F	ECONOMY	3
229	9	A	ECONOMY	3
230	9	B	ECONOMY	3
231	9	C	ECONOMY	3
232	9	D	ECONOMY	3
233	9	E	ECONOMY	3
234	9	F	ECONOMY	3
235	10	A	ECONOMY	3
236	10	B	ECONOMY	3
237	10	C	ECONOMY	3
238	10	D	ECONOMY	3
239	10	E	ECONOMY	3
240	10	F	ECONOMY	3
241	11	A	ECONOMY	3
242	11	B	ECONOMY	3
243	11	C	ECONOMY	3
244	11	D	ECONOMY	3
245	11	E	ECONOMY	3
246	11	F	ECONOMY	3
247	12	A	ECONOMY	3
248	12	B	ECONOMY	3
249	12	C	ECONOMY	3
250	12	D	ECONOMY	3
251	12	E	ECONOMY	3
252	12	F	ECONOMY	3
253	13	A	ECONOMY	3
254	13	B	ECONOMY	3
255	13	C	ECONOMY	3
256	13	D	ECONOMY	3
257	13	E	ECONOMY	3
258	13	F	ECONOMY	3
259	14	A	ECONOMY	3
260	14	B	ECONOMY	3
261	14	C	ECONOMY	3
262	14	D	ECONOMY	3
263	14	E	ECONOMY	3
264	14	F	ECONOMY	3
265	15	A	ECONOMY	3
266	15	B	ECONOMY	3
267	15	C	ECONOMY	3
268	15	D	ECONOMY	3
269	15	E	ECONOMY	3
270	15	F	ECONOMY	3
271	16	A	ECONOMY	3
272	16	B	ECONOMY	3
273	16	C	ECONOMY	3
274	16	D	ECONOMY	3
275	16	E	ECONOMY	3
276	16	F	ECONOMY	3
277	17	A	ECONOMY	3
278	17	B	ECONOMY	3
279	17	C	ECONOMY	3
280	17	D	ECONOMY	3
281	17	E	ECONOMY	3
282	17	F	ECONOMY	3
283	18	A	ECONOMY	3
284	18	B	ECONOMY	3
285	18	C	ECONOMY	3
286	18	D	ECONOMY	3
287	18	E	ECONOMY	3
288	18	F	ECONOMY	3
289	19	A	ECONOMY	3
290	19	B	ECONOMY	3
291	19	C	ECONOMY	3
292	19	D	ECONOMY	3
293	19	E	ECONOMY	3
294	19	F	ECONOMY	3
295	20	A	ECONOMY	3
296	20	B	ECONOMY	3
297	20	C	ECONOMY	3
298	20	D	ECONOMY	3
299	20	E	ECONOMY	3
300	20	F	ECONOMY	3
301	1	A	BUSINESS	4
302	1	B	BUSINESS	4
303	1	C	BUSINESS	4
304	1	D	BUSINESS	4
305	1	E	BUSINESS	4
306	1	F	BUSINESS	4
307	2	A	BUSINESS	4
308	2	B	BUSINESS	4
309	2	C	BUSINESS	4
310	2	D	BUSINESS	4
311	2	E	BUSINESS	4
312	2	F	BUSINESS	4
313	3	A	ECONOMY	4
314	3	B	ECONOMY	4
315	3	C	ECONOMY	4
316	3	D	ECONOMY	4
317	3	E	ECONOMY	4
318	3	F	ECONOMY	4
319	4	A	ECONOMY	4
320	4	B	ECONOMY	4
321	4	C	ECONOMY	4
322	4	D	ECONOMY	4
323	4	E	ECONOMY	4
324	4	F	ECONOMY	4
325	5	A	ECONOMY	4
326	5	B	ECONOMY	4
327	5	C	ECONOMY	4
328	5	D	ECONOMY	4
329	5	E	ECONOMY	4
330	5	F	ECONOMY	4
331	6	A	ECONOMY	4
332	6	B	ECONOMY	4
333	6	C	ECONOMY	4
334	6	D	ECONOMY	4
335	6	E	ECONOMY	4
336	6	F	ECONOMY	4
337	7	A	ECONOMY	4
338	7	B	ECONOMY	4
339	7	C	ECONOMY	4
340	7	D	ECONOMY	4
341	7	E	ECONOMY	4
342	7	F	ECONOMY	4
343	8	A	ECONOMY	4
344	8	B	ECONOMY	4
345	8	C	ECONOMY	4
346	8	D	ECONOMY	4
347	8	E	ECONOMY	4
348	8	F	ECONOMY	4
349	9	A	ECONOMY	4
350	9	B	ECONOMY	4
351	9	C	ECONOMY	4
352	9	D	ECONOMY	4
353	9	E	ECONOMY	4
354	9	F	ECONOMY	4
355	10	A	ECONOMY	4
356	10	B	ECONOMY	4
357	10	C	ECONOMY	4
358	10	D	ECONOMY	4
359	10	E	ECONOMY	4
360	10	F	ECONOMY	4
361	11	A	ECONOMY	4
362	11	B	ECONOMY	4
363	11	C	ECONOMY	4
364	11	D	ECONOMY	4
365	11	E	ECONOMY	4
366	11	F	ECONOMY	4
367	12	A	ECONOMY	4
368	12	B	ECONOMY	4
369	12	C	ECONOMY	4
370	12	D	ECONOMY	4
371	12	E	ECONOMY	4
372	12	F	ECONOMY	4
373	13	A	ECONOMY	4
374	13	B	ECONOMY	4
375	13	C	ECONOMY	4
376	13	D	ECONOMY	4
377	13	E	ECONOMY	4
378	13	F	ECONOMY	4
379	14	A	ECONOMY	4
380	14	B	ECONOMY	4
381	14	C	ECONOMY	4
382	14	D	ECONOMY	4
383	14	E	ECONOMY	4
384	14	F	ECONOMY	4
385	15	A	ECONOMY	4
386	15	B	ECONOMY	4
387	15	C	ECONOMY	4
388	15	D	ECONOMY	4
389	15	E	ECONOMY	4
390	15	F	ECONOMY	4
391	16	A	ECONOMY	4
392	16	B	ECONOMY	4
393	16	C	ECONOMY	4
394	16	D	ECONOMY	4
395	16	E	ECONOMY	4
396	16	F	ECONOMY	4
397	17	A	ECONOMY	4
398	17	B	ECONOMY	4
399	17	C	ECONOMY	4
400	17	D	ECONOMY	4
401	17	E	ECONOMY	4
402	17	F	ECONOMY	4
403	18	A	ECONOMY	4
404	18	B	ECONOMY	4
405	18	C	ECONOMY	4
406	18	D	ECONOMY	4
407	18	E	ECONOMY	4
408	18	F	ECONOMY	4
409	19	A	ECONOMY	4
410	19	B	ECONOMY	4
411	19	C	ECONOMY	4
412	19	D	ECONOMY	4
413	19	E	ECONOMY	4
414	19	F	ECONOMY	4
415	20	A	ECONOMY	4
416	20	B	ECONOMY	4
417	20	C	ECONOMY	4
418	20	D	ECONOMY	4
419	20	E	ECONOMY	4
420	20	F	ECONOMY	4
421	1	A	BUSINESS	5
422	1	B	BUSINESS	5
423	1	C	BUSINESS	5
424	1	D	BUSINESS	5
425	1	E	BUSINESS	5
426	1	F	BUSINESS	5
427	2	A	BUSINESS	5
428	2	B	BUSINESS	5
429	2	C	BUSINESS	5
430	2	D	BUSINESS	5
431	2	E	BUSINESS	5
432	2	F	BUSINESS	5
433	3	A	ECONOMY	5
434	3	B	ECONOMY	5
435	3	C	ECONOMY	5
436	3	D	ECONOMY	5
437	3	E	ECONOMY	5
438	3	F	ECONOMY	5
439	4	A	ECONOMY	5
440	4	B	ECONOMY	5
441	4	C	ECONOMY	5
442	4	D	ECONOMY	5
443	4	E	ECONOMY	5
444	4	F	ECONOMY	5
445	5	A	ECONOMY	5
446	5	B	ECONOMY	5
447	5	C	ECONOMY	5
448	5	D	ECONOMY	5
449	5	E	ECONOMY	5
450	5	F	ECONOMY	5
451	6	A	ECONOMY	5
452	6	B	ECONOMY	5
453	6	C	ECONOMY	5
454	6	D	ECONOMY	5
455	6	E	ECONOMY	5
456	6	F	ECONOMY	5
457	7	A	ECONOMY	5
458	7	B	ECONOMY	5
459	7	C	ECONOMY	5
460	7	D	ECONOMY	5
461	7	E	ECONOMY	5
462	7	F	ECONOMY	5
463	8	A	ECONOMY	5
464	8	B	ECONOMY	5
465	8	C	ECONOMY	5
466	8	D	ECONOMY	5
467	8	E	ECONOMY	5
468	8	F	ECONOMY	5
469	9	A	ECONOMY	5
470	9	B	ECONOMY	5
471	9	C	ECONOMY	5
472	9	D	ECONOMY	5
473	9	E	ECONOMY	5
474	9	F	ECONOMY	5
475	10	A	ECONOMY	5
476	10	B	ECONOMY	5
477	10	C	ECONOMY	5
478	10	D	ECONOMY	5
479	10	E	ECONOMY	5
480	10	F	ECONOMY	5
481	11	A	ECONOMY	5
482	11	B	ECONOMY	5
483	11	C	ECONOMY	5
484	11	D	ECONOMY	5
485	11	E	ECONOMY	5
486	11	F	ECONOMY	5
487	12	A	ECONOMY	5
488	12	B	ECONOMY	5
489	12	C	ECONOMY	5
490	12	D	ECONOMY	5
491	12	E	ECONOMY	5
492	12	F	ECONOMY	5
493	13	A	ECONOMY	5
494	13	B	ECONOMY	5
495	13	C	ECONOMY	5
496	13	D	ECONOMY	5
497	13	E	ECONOMY	5
498	13	F	ECONOMY	5
499	14	A	ECONOMY	5
500	14	B	ECONOMY	5
501	14	C	ECONOMY	5
502	14	D	ECONOMY	5
503	14	E	ECONOMY	5
504	14	F	ECONOMY	5
505	15	A	ECONOMY	5
506	15	B	ECONOMY	5
507	15	C	ECONOMY	5
508	15	D	ECONOMY	5
509	15	E	ECONOMY	5
510	15	F	ECONOMY	5
511	16	A	ECONOMY	5
512	16	B	ECONOMY	5
513	16	C	ECONOMY	5
514	16	D	ECONOMY	5
515	16	E	ECONOMY	5
516	16	F	ECONOMY	5
517	17	A	ECONOMY	5
518	17	B	ECONOMY	5
519	17	C	ECONOMY	5
520	17	D	ECONOMY	5
521	17	E	ECONOMY	5
522	17	F	ECONOMY	5
523	18	A	ECONOMY	5
524	18	B	ECONOMY	5
525	18	C	ECONOMY	5
526	18	D	ECONOMY	5
527	18	E	ECONOMY	5
528	18	F	ECONOMY	5
529	19	A	ECONOMY	5
530	19	B	ECONOMY	5
531	19	C	ECONOMY	5
532	19	D	ECONOMY	5
533	19	E	ECONOMY	5
534	19	F	ECONOMY	5
535	20	A	ECONOMY	5
536	20	B	ECONOMY	5
537	20	C	ECONOMY	5
538	20	D	ECONOMY	5
539	20	E	ECONOMY	5
540	20	F	ECONOMY	5
\.


--
-- Data for Name: aviation_airport; Type: TABLE DATA; Schema: public; Owner: oleksandrpechak
--

COPY public.aviation_airport (id, name, iata_code, city_id) FROM stdin;
1	qw	qwe	1
2	SS	SS	1
\.


--
-- Data for Name: aviation_airport_airline; Type: TABLE DATA; Schema: public; Owner: oleksandrpechak
--

COPY public.aviation_airport_airline (id, airport_id, airline_id) FROM stdin;
1	1	1
2	2	1
\.


--
-- Data for Name: aviation_fleetitem; Type: TABLE DATA; Schema: public; Owner: oleksandrpechak
--

COPY public.aviation_fleetitem (id, tail_number, airline_id, airplane_id) FROM stdin;
1	AS234	1	1
2	AS243	1	2
\.


--
-- Data for Name: django_admin_log; Type: TABLE DATA; Schema: public; Owner: oleksandrpechak
--

COPY public.django_admin_log (id, action_time, object_id, object_repr, action_flag, change_message, content_type_id, user_id) FROM stdin;
1	2026-06-01 13:45:06.281114+03	1	qwe	1	[{"added": {}}]	11	1
2	2026-06-01 13:45:16.575149+03	1	AA	1	[{"added": {}}]	10	1
3	2026-06-01 13:45:22.114302+03	1	aa	1	[{"added": {}}]	9	1
4	2026-06-01 13:45:26.554051+03	1	qw	1	[{"added": {}}]	14	1
5	2026-06-01 13:45:40.490507+03	2	SS	1	[{"added": {}}]	14	1
6	2026-06-01 13:45:56.527723+03	1	SS AS	1	[{"added": {}}]	12	1
7	2026-06-01 13:48:54.594884+03	1	FleetItem object (1)	1	[{"added": {}}]	15	1
8	2026-06-01 13:55:22.067291+03	2	FleetItem object (2)	1	[{"added": {}}]	15	1
\.


--
-- Data for Name: django_content_type; Type: TABLE DATA; Schema: public; Owner: oleksandrpechak
--

COPY public.django_content_type (id, app_label, model) FROM stdin;
1	admin	logentry
2	auth	group
3	auth	permission
4	contenttypes	contenttype
5	sessions	session
6	authtoken	token
7	authtoken	tokenproxy
8	users	customuser
9	locations	city
10	locations	country
11	aviation	airline
12	aviation	airplane
13	aviation	airplaneseat
14	aviation	airport
15	aviation	fleetitem
16	flights	booking
17	flights	flight
18	flights	ticket
19	payments	payment
\.


--
-- Data for Name: django_migrations; Type: TABLE DATA; Schema: public; Owner: oleksandrpechak
--

COPY public.django_migrations (id, app, name, applied) FROM stdin;
1	contenttypes	0001_initial	2026-06-01 13:41:25.664495+03
2	contenttypes	0002_remove_content_type_name	2026-06-01 13:41:25.66684+03
3	auth	0001_initial	2026-06-01 13:41:25.684802+03
4	auth	0002_alter_permission_name_max_length	2026-06-01 13:41:25.686537+03
5	auth	0003_alter_user_email_max_length	2026-06-01 13:41:25.687811+03
6	auth	0004_alter_user_username_opts	2026-06-01 13:41:25.689015+03
7	auth	0005_alter_user_last_login_null	2026-06-01 13:41:25.690137+03
8	auth	0006_require_contenttypes_0002	2026-06-01 13:41:25.690506+03
9	auth	0007_alter_validators_add_error_messages	2026-06-01 13:41:25.692154+03
10	auth	0008_alter_user_username_max_length	2026-06-01 13:41:25.69344+03
11	auth	0009_alter_user_last_name_max_length	2026-06-01 13:41:25.694872+03
12	auth	0010_alter_group_name_max_length	2026-06-01 13:41:25.697795+03
13	auth	0011_update_proxy_permissions	2026-06-01 13:41:25.699231+03
14	auth	0012_alter_user_first_name_max_length	2026-06-01 13:41:25.700446+03
15	users	0001_initial	2026-06-01 13:41:25.717581+03
16	admin	0001_initial	2026-06-01 13:41:25.72551+03
17	admin	0002_logentry_remove_auto_add	2026-06-01 13:41:25.727488+03
18	admin	0003_logentry_add_action_flag_choices	2026-06-01 13:41:25.729348+03
19	authtoken	0001_initial	2026-06-01 13:41:25.734351+03
20	authtoken	0002_auto_20160226_1747	2026-06-01 13:41:25.740363+03
21	authtoken	0003_tokenproxy	2026-06-01 13:41:25.741208+03
22	authtoken	0004_alter_tokenproxy_options	2026-06-01 13:41:25.742208+03
23	locations	0001_initial	2026-06-01 13:41:25.749042+03
24	aviation	0001_initial	2026-06-01 13:41:25.771578+03
25	aviation	0002_rename_airline_name_airline_name_and_more	2026-06-01 13:41:25.793355+03
26	aviation	0003_rename_seats_airplane_rows_airplane_seats_per_row	2026-06-01 13:41:25.795547+03
27	aviation	0004_remove_fleet_unique_airline_airplane_and_more	2026-06-01 13:41:25.799932+03
28	aviation	0005_airplaneseat	2026-06-01 13:41:25.805326+03
29	aviation	0006_fleetitem	2026-06-01 13:41:25.814061+03
30	aviation	0007_alter_airplaneseat_seat	2026-06-01 13:41:25.821137+03
31	aviation	0008_alter_airplaneseat_seat	2026-06-01 13:41:25.82464+03
32	aviation	0009_alter_airplaneseat_class_type	2026-06-01 13:41:25.826648+03
33	flights	0001_initial	2026-06-01 13:41:25.852303+03
34	flights	0002_alter_flight_airplane	2026-06-01 13:41:25.860208+03
35	flights	0003_flight_ticket_coefficient	2026-06-01 13:41:25.86334+03
36	locations	0002_alter_country_country	2026-06-01 13:41:25.864801+03
37	sessions	0001_initial	2026-06-01 13:41:25.86972+03
38	users	0002_alter_customuser_managers	2026-06-01 13:41:25.872494+03
39	flights	0004_remove_ticket_unique_ticket_alter_ticket_flight_seat_and_more	2026-06-01 14:01:26.924346+03
40	flights	0005_alter_ticket_booking_alter_ticket_passenger_name	2026-06-01 14:03:58.500714+03
41	aviation	0010_airplane_business_rows_percent	2026-06-01 14:47:03.327547+03
42	flights	0006_remove_flight_ticket_coefficient_and_more	2026-06-01 14:47:03.333836+03
43	flights	0007_rename_user_id_booking_user	2026-06-01 16:49:20.004173+03
44	payments	0001_initial	2026-06-03 18:36:33.542479+03
45	payments	0002_alter_payment_status	2026-06-04 13:15:42.950383+03
46	payments	0003_alter_payment_status	2026-06-04 14:52:27.174183+03
47	payments	0004_alter_payment_status	2026-06-04 18:00:02.739784+03
\.


--
-- Data for Name: django_session; Type: TABLE DATA; Schema: public; Owner: oleksandrpechak
--

COPY public.django_session (session_key, session_data, expire_date) FROM stdin;
60tob5a72ba0smx1x1vhnb45344phwi5	.eJxVjEEOwiAQRe_C2hAQCIxL956BwMwgVQNJaVeNd9cmXej2v_f-JmJalxrXwXOcSFyEFqffLSd8ctsBPVK7d4m9LfOU5a7Igw5568Sv6-H-HdQ06rf2AMFDzuRKYKKzQ2-18ajAhITKWwdaG2ULgDXJhsJYEBU6rdmRY_H-ANSCN7s:1wU08C:SdeexlU0_WL7yBN5-GUR1iOmXlaEYWCwiFVClmIsBhE	2026-06-15 13:44:28.498623+03
\.


--
-- Data for Name: flights_booking; Type: TABLE DATA; Schema: public; Owner: oleksandrpechak
--

COPY public.flights_booking (id, status, total_price, created_at, user_id) FROM stdin;
2	PENDING	600.00	2026-06-01 17:10:22.335944+03	2
1	CANCELLED	600.00	2026-06-01 16:51:22.976024+03	1
4	CANCELLED	300.00	2026-06-03 16:31:44.247324+03	1
3	CONFIRMED	500.00	2026-06-03 11:28:56.345942+03	1
7	CONFIRMED	100.00	2026-06-04 18:18:06.877372+03	1
8	CONFIRMED	100.00	2026-06-04 18:28:30.744738+03	1
6	CANCELLED	300.00	2026-06-04 14:18:50.659468+03	1
\.


--
-- Data for Name: flights_flight; Type: TABLE DATA; Schema: public; Owner: oleksandrpechak
--

COPY public.flights_flight (id, flight_number, departure_time, arrival_time, ticket_price, flight_status, created_at, airline_name_id, airplane_id, arrival_airport_id, departure_airport_id, business_percent) FROM stdin;
1	PS109	2026-07-01 13:00:00+03	2026-07-01 15:00:00+03	100.00	SCHEDULED	2026-06-01 13:49:02.913868+03	1	1	2	1	10
2	PS199	2026-06-01 13:00:00+03	2026-06-01 15:00:00+03	100.00	SCHEDULED	2026-06-01 13:52:36.922803+03	1	1	2	1	10
6	PS199	2026-06-01 13:00:00+03	2026-06-01 15:00:00+03	100.00	SCHEDULED	2026-06-01 14:04:10.414821+03	1	2	2	1	10
7	PS199	2026-06-01 13:00:00+03	2026-06-01 15:00:00+03	100.00	SCHEDULED	2026-06-01 14:47:11.287655+03	1	2	2	1	50
8	PS199	2026-06-01 13:00:00+03	2026-06-01 15:00:00+03	100.00	SCHEDULED	2026-06-03 11:17:47.380594+03	1	2	2	1	20
9	PS199	2026-06-01 13:00:00+03	2026-06-01 15:00:00+03	100.00	SCHEDULED	2026-06-03 11:19:17.167724+03	1	2	2	1	20
10	PS199	2026-06-01 13:00:00+03	2026-06-01 15:00:00+03	100.00	SCHEDULED	2026-06-03 11:19:56.357524+03	1	2	2	1	20
\.


--
-- Data for Name: flights_ticket; Type: TABLE DATA; Schema: public; Owner: oleksandrpechak
--

COPY public.flights_ticket (id, price, ticket_status, booking_id, flight_number_id, flight_seat_id, passenger_name_id) FROM stdin;
11	200.00	AVAILABLE	\N	6	8	\N
12	200.00	AVAILABLE	\N	6	9	\N
13	200.00	AVAILABLE	\N	6	10	\N
14	200.00	AVAILABLE	\N	6	11	\N
15	200.00	AVAILABLE	\N	6	12	\N
16	200.00	AVAILABLE	\N	6	13	\N
17	200.00	AVAILABLE	\N	6	14	\N
18	200.00	AVAILABLE	\N	6	15	\N
19	200.00	AVAILABLE	\N	6	16	\N
21	200.00	AVAILABLE	\N	6	18	\N
23	100.00	AVAILABLE	\N	6	20	\N
25	100.00	AVAILABLE	\N	6	22	\N
26	100.00	AVAILABLE	\N	6	23	\N
27	100.00	AVAILABLE	\N	6	24	\N
28	100.00	AVAILABLE	\N	6	25	\N
29	100.00	AVAILABLE	\N	6	26	\N
30	100.00	AVAILABLE	\N	6	27	\N
31	100.00	AVAILABLE	\N	6	28	\N
32	100.00	AVAILABLE	\N	6	29	\N
34	100.00	AVAILABLE	\N	6	31	\N
36	100.00	AVAILABLE	\N	6	33	\N
37	100.00	AVAILABLE	\N	6	34	\N
38	100.00	AVAILABLE	\N	6	35	\N
39	100.00	AVAILABLE	\N	6	36	\N
41	100.00	AVAILABLE	\N	6	38	\N
42	100.00	AVAILABLE	\N	6	39	\N
43	100.00	AVAILABLE	\N	6	40	\N
44	100.00	AVAILABLE	\N	6	41	\N
45	100.00	AVAILABLE	\N	6	42	\N
46	100.00	AVAILABLE	\N	6	43	\N
47	100.00	AVAILABLE	\N	6	44	\N
48	100.00	AVAILABLE	\N	6	45	\N
49	100.00	AVAILABLE	\N	6	46	\N
50	100.00	AVAILABLE	\N	6	47	\N
51	100.00	AVAILABLE	\N	6	48	\N
53	100.00	AVAILABLE	\N	6	50	\N
54	100.00	AVAILABLE	\N	6	51	\N
55	100.00	AVAILABLE	\N	6	52	\N
56	100.00	AVAILABLE	\N	6	53	\N
57	100.00	AVAILABLE	\N	6	54	\N
58	100.00	AVAILABLE	\N	6	55	\N
59	100.00	AVAILABLE	\N	6	56	\N
60	100.00	AVAILABLE	\N	6	57	\N
62	100.00	AVAILABLE	\N	6	59	\N
63	100.00	AVAILABLE	\N	6	60	\N
65	100.00	AVAILABLE	\N	6	62	\N
66	100.00	AVAILABLE	\N	6	63	\N
68	100.00	AVAILABLE	\N	6	65	\N
69	100.00	AVAILABLE	\N	6	66	\N
70	100.00	AVAILABLE	\N	6	67	\N
71	100.00	AVAILABLE	\N	6	68	\N
72	100.00	AVAILABLE	\N	6	69	\N
73	100.00	AVAILABLE	\N	6	70	\N
74	100.00	AVAILABLE	\N	6	71	\N
75	100.00	AVAILABLE	\N	6	72	\N
76	100.00	AVAILABLE	\N	6	73	\N
77	100.00	AVAILABLE	\N	6	74	\N
78	100.00	AVAILABLE	\N	6	75	\N
79	100.00	AVAILABLE	\N	6	76	\N
80	100.00	AVAILABLE	\N	6	77	\N
81	100.00	AVAILABLE	\N	6	78	\N
82	100.00	AVAILABLE	\N	6	79	\N
83	100.00	AVAILABLE	\N	6	80	\N
84	100.00	AVAILABLE	\N	6	81	\N
85	100.00	AVAILABLE	\N	6	82	\N
86	100.00	AVAILABLE	\N	6	83	\N
87	100.00	AVAILABLE	\N	6	84	\N
88	100.00	AVAILABLE	\N	6	85	\N
89	100.00	AVAILABLE	\N	6	86	\N
90	100.00	AVAILABLE	\N	6	87	\N
91	100.00	AVAILABLE	\N	6	88	\N
92	100.00	AVAILABLE	\N	6	89	\N
93	100.00	AVAILABLE	\N	6	90	\N
94	100.00	AVAILABLE	\N	6	91	\N
95	100.00	AVAILABLE	\N	6	92	\N
96	100.00	AVAILABLE	\N	6	93	\N
97	100.00	AVAILABLE	\N	6	94	\N
98	100.00	AVAILABLE	\N	6	95	\N
99	100.00	AVAILABLE	\N	6	96	\N
100	100.00	AVAILABLE	\N	6	97	\N
101	100.00	AVAILABLE	\N	6	98	\N
102	100.00	AVAILABLE	\N	6	99	\N
103	100.00	AVAILABLE	\N	6	100	\N
104	100.00	AVAILABLE	\N	6	101	\N
105	100.00	AVAILABLE	\N	6	102	\N
106	100.00	AVAILABLE	\N	6	103	\N
107	100.00	AVAILABLE	\N	6	104	\N
108	100.00	AVAILABLE	\N	6	105	\N
109	100.00	AVAILABLE	\N	6	106	\N
110	100.00	AVAILABLE	\N	6	107	\N
111	100.00	AVAILABLE	\N	6	108	\N
112	100.00	AVAILABLE	\N	6	109	\N
113	100.00	AVAILABLE	\N	6	110	\N
114	100.00	AVAILABLE	\N	6	111	\N
115	100.00	AVAILABLE	\N	6	112	\N
116	100.00	AVAILABLE	\N	6	113	\N
117	100.00	AVAILABLE	\N	6	114	\N
118	100.00	AVAILABLE	\N	6	115	\N
119	100.00	AVAILABLE	\N	6	116	\N
120	100.00	AVAILABLE	\N	6	117	\N
121	100.00	AVAILABLE	\N	6	118	\N
122	100.00	AVAILABLE	\N	6	119	\N
123	100.00	AVAILABLE	\N	6	120	\N
7	200.00	BOOKED	2	6	4	2
8	200.00	BOOKED	2	6	5	2
24	100.00	AVAILABLE	4	6	21	1
35	100.00	AVAILABLE	4	6	32	1
10	200.00	PAID	3	6	7	1
20	200.00	PAID	3	6	17	1
22	100.00	PAID	7	6	19	1
67	100.00	PAID	8	6	64	1
40	100.00	AVAILABLE	6	6	37	1
124	100.00	AVAILABLE	\N	6	121	\N
125	100.00	AVAILABLE	\N	6	122	\N
126	100.00	AVAILABLE	\N	6	123	\N
127	100.00	AVAILABLE	\N	6	124	\N
128	100.00	AVAILABLE	\N	6	125	\N
129	100.00	AVAILABLE	\N	6	126	\N
130	100.00	AVAILABLE	\N	6	127	\N
131	100.00	AVAILABLE	\N	6	128	\N
132	100.00	AVAILABLE	\N	6	129	\N
133	100.00	AVAILABLE	\N	6	130	\N
134	100.00	AVAILABLE	\N	6	131	\N
135	100.00	AVAILABLE	\N	6	132	\N
136	100.00	AVAILABLE	\N	6	133	\N
137	100.00	AVAILABLE	\N	6	134	\N
138	100.00	AVAILABLE	\N	6	135	\N
139	100.00	AVAILABLE	\N	6	136	\N
140	100.00	AVAILABLE	\N	6	137	\N
141	100.00	AVAILABLE	\N	6	138	\N
142	100.00	AVAILABLE	\N	6	139	\N
143	100.00	AVAILABLE	\N	6	140	\N
144	100.00	AVAILABLE	\N	6	141	\N
145	100.00	AVAILABLE	\N	6	142	\N
146	100.00	AVAILABLE	\N	6	143	\N
147	100.00	AVAILABLE	\N	6	144	\N
148	100.00	AVAILABLE	\N	6	145	\N
149	100.00	AVAILABLE	\N	6	146	\N
150	100.00	AVAILABLE	\N	6	147	\N
151	100.00	AVAILABLE	\N	6	148	\N
152	100.00	AVAILABLE	\N	6	149	\N
153	100.00	AVAILABLE	\N	6	150	\N
154	100.00	AVAILABLE	\N	6	151	\N
155	100.00	AVAILABLE	\N	6	152	\N
156	100.00	AVAILABLE	\N	6	153	\N
157	100.00	AVAILABLE	\N	6	154	\N
158	100.00	AVAILABLE	\N	6	155	\N
159	100.00	AVAILABLE	\N	6	156	\N
160	100.00	AVAILABLE	\N	6	157	\N
161	100.00	AVAILABLE	\N	6	158	\N
162	100.00	AVAILABLE	\N	6	159	\N
163	100.00	AVAILABLE	\N	6	160	\N
164	100.00	AVAILABLE	\N	6	161	\N
165	100.00	AVAILABLE	\N	6	162	\N
166	100.00	AVAILABLE	\N	6	163	\N
167	100.00	AVAILABLE	\N	6	164	\N
168	100.00	AVAILABLE	\N	6	165	\N
169	100.00	AVAILABLE	\N	6	166	\N
170	100.00	AVAILABLE	\N	6	167	\N
171	100.00	AVAILABLE	\N	6	168	\N
172	100.00	AVAILABLE	\N	6	169	\N
173	100.00	AVAILABLE	\N	6	170	\N
174	100.00	AVAILABLE	\N	6	171	\N
175	100.00	AVAILABLE	\N	6	172	\N
176	100.00	AVAILABLE	\N	6	173	\N
177	100.00	AVAILABLE	\N	6	174	\N
178	100.00	AVAILABLE	\N	6	175	\N
179	100.00	AVAILABLE	\N	6	176	\N
180	100.00	AVAILABLE	\N	6	177	\N
181	100.00	AVAILABLE	\N	6	178	\N
182	100.00	AVAILABLE	\N	6	179	\N
183	100.00	AVAILABLE	\N	6	180	\N
184	150.00	AVAILABLE	\N	7	1	\N
185	150.00	AVAILABLE	\N	7	2	\N
186	150.00	AVAILABLE	\N	7	3	\N
187	150.00	AVAILABLE	\N	7	4	\N
188	150.00	AVAILABLE	\N	7	5	\N
189	150.00	AVAILABLE	\N	7	6	\N
190	150.00	AVAILABLE	\N	7	7	\N
191	150.00	AVAILABLE	\N	7	8	\N
192	150.00	AVAILABLE	\N	7	9	\N
193	150.00	AVAILABLE	\N	7	10	\N
194	150.00	AVAILABLE	\N	7	11	\N
195	150.00	AVAILABLE	\N	7	12	\N
196	150.00	AVAILABLE	\N	7	13	\N
197	150.00	AVAILABLE	\N	7	14	\N
198	150.00	AVAILABLE	\N	7	15	\N
199	150.00	AVAILABLE	\N	7	16	\N
200	150.00	AVAILABLE	\N	7	17	\N
201	150.00	AVAILABLE	\N	7	18	\N
202	100.00	AVAILABLE	\N	7	19	\N
203	100.00	AVAILABLE	\N	7	20	\N
204	100.00	AVAILABLE	\N	7	21	\N
205	100.00	AVAILABLE	\N	7	22	\N
206	100.00	AVAILABLE	\N	7	23	\N
207	100.00	AVAILABLE	\N	7	24	\N
208	100.00	AVAILABLE	\N	7	25	\N
209	100.00	AVAILABLE	\N	7	26	\N
210	100.00	AVAILABLE	\N	7	27	\N
211	100.00	AVAILABLE	\N	7	28	\N
212	100.00	AVAILABLE	\N	7	29	\N
213	100.00	AVAILABLE	\N	7	30	\N
214	100.00	AVAILABLE	\N	7	31	\N
215	100.00	AVAILABLE	\N	7	32	\N
216	100.00	AVAILABLE	\N	7	33	\N
217	100.00	AVAILABLE	\N	7	34	\N
218	100.00	AVAILABLE	\N	7	35	\N
219	100.00	AVAILABLE	\N	7	36	\N
220	100.00	AVAILABLE	\N	7	37	\N
221	100.00	AVAILABLE	\N	7	38	\N
222	100.00	AVAILABLE	\N	7	39	\N
223	100.00	AVAILABLE	\N	7	40	\N
224	100.00	AVAILABLE	\N	7	41	\N
225	100.00	AVAILABLE	\N	7	42	\N
226	100.00	AVAILABLE	\N	7	43	\N
227	100.00	AVAILABLE	\N	7	44	\N
228	100.00	AVAILABLE	\N	7	45	\N
229	100.00	AVAILABLE	\N	7	46	\N
230	100.00	AVAILABLE	\N	7	47	\N
231	100.00	AVAILABLE	\N	7	48	\N
232	100.00	AVAILABLE	\N	7	49	\N
233	100.00	AVAILABLE	\N	7	50	\N
234	100.00	AVAILABLE	\N	7	51	\N
235	100.00	AVAILABLE	\N	7	52	\N
236	100.00	AVAILABLE	\N	7	53	\N
237	100.00	AVAILABLE	\N	7	54	\N
238	100.00	AVAILABLE	\N	7	55	\N
239	100.00	AVAILABLE	\N	7	56	\N
240	100.00	AVAILABLE	\N	7	57	\N
241	100.00	AVAILABLE	\N	7	58	\N
242	100.00	AVAILABLE	\N	7	59	\N
243	100.00	AVAILABLE	\N	7	60	\N
244	100.00	AVAILABLE	\N	7	61	\N
245	100.00	AVAILABLE	\N	7	62	\N
246	100.00	AVAILABLE	\N	7	63	\N
247	100.00	AVAILABLE	\N	7	64	\N
248	100.00	AVAILABLE	\N	7	65	\N
249	100.00	AVAILABLE	\N	7	66	\N
250	100.00	AVAILABLE	\N	7	67	\N
251	100.00	AVAILABLE	\N	7	68	\N
252	100.00	AVAILABLE	\N	7	69	\N
253	100.00	AVAILABLE	\N	7	70	\N
254	100.00	AVAILABLE	\N	7	71	\N
255	100.00	AVAILABLE	\N	7	72	\N
256	100.00	AVAILABLE	\N	7	73	\N
257	100.00	AVAILABLE	\N	7	74	\N
258	100.00	AVAILABLE	\N	7	75	\N
259	100.00	AVAILABLE	\N	7	76	\N
260	100.00	AVAILABLE	\N	7	77	\N
261	100.00	AVAILABLE	\N	7	78	\N
262	100.00	AVAILABLE	\N	7	79	\N
263	100.00	AVAILABLE	\N	7	80	\N
264	100.00	AVAILABLE	\N	7	81	\N
265	100.00	AVAILABLE	\N	7	82	\N
266	100.00	AVAILABLE	\N	7	83	\N
267	100.00	AVAILABLE	\N	7	84	\N
268	100.00	AVAILABLE	\N	7	85	\N
269	100.00	AVAILABLE	\N	7	86	\N
270	100.00	AVAILABLE	\N	7	87	\N
271	100.00	AVAILABLE	\N	7	88	\N
272	100.00	AVAILABLE	\N	7	89	\N
273	100.00	AVAILABLE	\N	7	90	\N
274	100.00	AVAILABLE	\N	7	91	\N
275	100.00	AVAILABLE	\N	7	92	\N
276	100.00	AVAILABLE	\N	7	93	\N
277	100.00	AVAILABLE	\N	7	94	\N
278	100.00	AVAILABLE	\N	7	95	\N
279	100.00	AVAILABLE	\N	7	96	\N
280	100.00	AVAILABLE	\N	7	97	\N
281	100.00	AVAILABLE	\N	7	98	\N
282	100.00	AVAILABLE	\N	7	99	\N
283	100.00	AVAILABLE	\N	7	100	\N
284	100.00	AVAILABLE	\N	7	101	\N
285	100.00	AVAILABLE	\N	7	102	\N
286	100.00	AVAILABLE	\N	7	103	\N
287	100.00	AVAILABLE	\N	7	104	\N
288	100.00	AVAILABLE	\N	7	105	\N
289	100.00	AVAILABLE	\N	7	106	\N
290	100.00	AVAILABLE	\N	7	107	\N
291	100.00	AVAILABLE	\N	7	108	\N
292	100.00	AVAILABLE	\N	7	109	\N
293	100.00	AVAILABLE	\N	7	110	\N
294	100.00	AVAILABLE	\N	7	111	\N
295	100.00	AVAILABLE	\N	7	112	\N
296	100.00	AVAILABLE	\N	7	113	\N
297	100.00	AVAILABLE	\N	7	114	\N
298	100.00	AVAILABLE	\N	7	115	\N
299	100.00	AVAILABLE	\N	7	116	\N
300	100.00	AVAILABLE	\N	7	117	\N
301	100.00	AVAILABLE	\N	7	118	\N
302	100.00	AVAILABLE	\N	7	119	\N
303	100.00	AVAILABLE	\N	7	120	\N
304	100.00	AVAILABLE	\N	7	121	\N
305	100.00	AVAILABLE	\N	7	122	\N
306	100.00	AVAILABLE	\N	7	123	\N
307	100.00	AVAILABLE	\N	7	124	\N
308	100.00	AVAILABLE	\N	7	125	\N
309	100.00	AVAILABLE	\N	7	126	\N
310	100.00	AVAILABLE	\N	7	127	\N
311	100.00	AVAILABLE	\N	7	128	\N
312	100.00	AVAILABLE	\N	7	129	\N
313	100.00	AVAILABLE	\N	7	130	\N
314	100.00	AVAILABLE	\N	7	131	\N
315	100.00	AVAILABLE	\N	7	132	\N
316	100.00	AVAILABLE	\N	7	133	\N
317	100.00	AVAILABLE	\N	7	134	\N
318	100.00	AVAILABLE	\N	7	135	\N
319	100.00	AVAILABLE	\N	7	136	\N
320	100.00	AVAILABLE	\N	7	137	\N
321	100.00	AVAILABLE	\N	7	138	\N
322	100.00	AVAILABLE	\N	7	139	\N
323	100.00	AVAILABLE	\N	7	140	\N
324	100.00	AVAILABLE	\N	7	141	\N
325	100.00	AVAILABLE	\N	7	142	\N
326	100.00	AVAILABLE	\N	7	143	\N
327	100.00	AVAILABLE	\N	7	144	\N
328	100.00	AVAILABLE	\N	7	145	\N
329	100.00	AVAILABLE	\N	7	146	\N
330	100.00	AVAILABLE	\N	7	147	\N
331	100.00	AVAILABLE	\N	7	148	\N
332	100.00	AVAILABLE	\N	7	149	\N
333	100.00	AVAILABLE	\N	7	150	\N
334	100.00	AVAILABLE	\N	7	151	\N
335	100.00	AVAILABLE	\N	7	152	\N
336	100.00	AVAILABLE	\N	7	153	\N
337	100.00	AVAILABLE	\N	7	154	\N
338	100.00	AVAILABLE	\N	7	155	\N
339	100.00	AVAILABLE	\N	7	156	\N
340	100.00	AVAILABLE	\N	7	157	\N
341	100.00	AVAILABLE	\N	7	158	\N
342	100.00	AVAILABLE	\N	7	159	\N
343	100.00	AVAILABLE	\N	7	160	\N
344	100.00	AVAILABLE	\N	7	161	\N
345	100.00	AVAILABLE	\N	7	162	\N
346	100.00	AVAILABLE	\N	7	163	\N
347	100.00	AVAILABLE	\N	7	164	\N
348	100.00	AVAILABLE	\N	7	165	\N
349	100.00	AVAILABLE	\N	7	166	\N
350	100.00	AVAILABLE	\N	7	167	\N
351	100.00	AVAILABLE	\N	7	168	\N
352	100.00	AVAILABLE	\N	7	169	\N
353	100.00	AVAILABLE	\N	7	170	\N
354	100.00	AVAILABLE	\N	7	171	\N
355	100.00	AVAILABLE	\N	7	172	\N
356	100.00	AVAILABLE	\N	7	173	\N
357	100.00	AVAILABLE	\N	7	174	\N
358	100.00	AVAILABLE	\N	7	175	\N
359	100.00	AVAILABLE	\N	7	176	\N
360	100.00	AVAILABLE	\N	7	177	\N
361	100.00	AVAILABLE	\N	7	178	\N
362	100.00	AVAILABLE	\N	7	179	\N
363	100.00	AVAILABLE	\N	7	180	\N
9	200.00	BOOKED	2	6	6	2
4	200.00	AVAILABLE	1	6	1	1
5	200.00	AVAILABLE	1	6	2	1
6	200.00	AVAILABLE	1	6	3	1
364	120.00	AVAILABLE	\N	8	1	\N
365	120.00	AVAILABLE	\N	8	2	\N
366	120.00	AVAILABLE	\N	8	3	\N
367	120.00	AVAILABLE	\N	8	4	\N
368	120.00	AVAILABLE	\N	8	5	\N
369	120.00	AVAILABLE	\N	8	6	\N
370	120.00	AVAILABLE	\N	8	7	\N
371	120.00	AVAILABLE	\N	8	8	\N
372	120.00	AVAILABLE	\N	8	9	\N
373	120.00	AVAILABLE	\N	8	10	\N
374	120.00	AVAILABLE	\N	8	11	\N
375	120.00	AVAILABLE	\N	8	12	\N
376	120.00	AVAILABLE	\N	8	13	\N
377	120.00	AVAILABLE	\N	8	14	\N
378	120.00	AVAILABLE	\N	8	15	\N
379	120.00	AVAILABLE	\N	8	16	\N
380	120.00	AVAILABLE	\N	8	17	\N
381	120.00	AVAILABLE	\N	8	18	\N
382	100.00	AVAILABLE	\N	8	19	\N
383	100.00	AVAILABLE	\N	8	20	\N
384	100.00	AVAILABLE	\N	8	21	\N
385	100.00	AVAILABLE	\N	8	22	\N
386	100.00	AVAILABLE	\N	8	23	\N
387	100.00	AVAILABLE	\N	8	24	\N
388	100.00	AVAILABLE	\N	8	25	\N
389	100.00	AVAILABLE	\N	8	26	\N
390	100.00	AVAILABLE	\N	8	27	\N
391	100.00	AVAILABLE	\N	8	28	\N
392	100.00	AVAILABLE	\N	8	29	\N
393	100.00	AVAILABLE	\N	8	30	\N
394	100.00	AVAILABLE	\N	8	31	\N
395	100.00	AVAILABLE	\N	8	32	\N
396	100.00	AVAILABLE	\N	8	33	\N
397	100.00	AVAILABLE	\N	8	34	\N
398	100.00	AVAILABLE	\N	8	35	\N
399	100.00	AVAILABLE	\N	8	36	\N
400	100.00	AVAILABLE	\N	8	37	\N
401	100.00	AVAILABLE	\N	8	38	\N
402	100.00	AVAILABLE	\N	8	39	\N
403	100.00	AVAILABLE	\N	8	40	\N
404	100.00	AVAILABLE	\N	8	41	\N
405	100.00	AVAILABLE	\N	8	42	\N
406	100.00	AVAILABLE	\N	8	43	\N
407	100.00	AVAILABLE	\N	8	44	\N
408	100.00	AVAILABLE	\N	8	45	\N
409	100.00	AVAILABLE	\N	8	46	\N
410	100.00	AVAILABLE	\N	8	47	\N
411	100.00	AVAILABLE	\N	8	48	\N
412	100.00	AVAILABLE	\N	8	49	\N
413	100.00	AVAILABLE	\N	8	50	\N
414	100.00	AVAILABLE	\N	8	51	\N
415	100.00	AVAILABLE	\N	8	52	\N
416	100.00	AVAILABLE	\N	8	53	\N
417	100.00	AVAILABLE	\N	8	54	\N
418	100.00	AVAILABLE	\N	8	55	\N
419	100.00	AVAILABLE	\N	8	56	\N
420	100.00	AVAILABLE	\N	8	57	\N
421	100.00	AVAILABLE	\N	8	58	\N
422	100.00	AVAILABLE	\N	8	59	\N
423	100.00	AVAILABLE	\N	8	60	\N
424	100.00	AVAILABLE	\N	8	61	\N
425	100.00	AVAILABLE	\N	8	62	\N
426	100.00	AVAILABLE	\N	8	63	\N
427	100.00	AVAILABLE	\N	8	64	\N
428	100.00	AVAILABLE	\N	8	65	\N
429	100.00	AVAILABLE	\N	8	66	\N
430	100.00	AVAILABLE	\N	8	67	\N
431	100.00	AVAILABLE	\N	8	68	\N
432	100.00	AVAILABLE	\N	8	69	\N
433	100.00	AVAILABLE	\N	8	70	\N
434	100.00	AVAILABLE	\N	8	71	\N
435	100.00	AVAILABLE	\N	8	72	\N
436	100.00	AVAILABLE	\N	8	73	\N
437	100.00	AVAILABLE	\N	8	74	\N
438	100.00	AVAILABLE	\N	8	75	\N
439	100.00	AVAILABLE	\N	8	76	\N
440	100.00	AVAILABLE	\N	8	77	\N
441	100.00	AVAILABLE	\N	8	78	\N
442	100.00	AVAILABLE	\N	8	79	\N
443	100.00	AVAILABLE	\N	8	80	\N
444	100.00	AVAILABLE	\N	8	81	\N
445	100.00	AVAILABLE	\N	8	82	\N
446	100.00	AVAILABLE	\N	8	83	\N
447	100.00	AVAILABLE	\N	8	84	\N
448	100.00	AVAILABLE	\N	8	85	\N
449	100.00	AVAILABLE	\N	8	86	\N
450	100.00	AVAILABLE	\N	8	87	\N
451	100.00	AVAILABLE	\N	8	88	\N
452	100.00	AVAILABLE	\N	8	89	\N
453	100.00	AVAILABLE	\N	8	90	\N
454	100.00	AVAILABLE	\N	8	91	\N
455	100.00	AVAILABLE	\N	8	92	\N
456	100.00	AVAILABLE	\N	8	93	\N
457	100.00	AVAILABLE	\N	8	94	\N
458	100.00	AVAILABLE	\N	8	95	\N
459	100.00	AVAILABLE	\N	8	96	\N
460	100.00	AVAILABLE	\N	8	97	\N
461	100.00	AVAILABLE	\N	8	98	\N
462	100.00	AVAILABLE	\N	8	99	\N
463	100.00	AVAILABLE	\N	8	100	\N
464	100.00	AVAILABLE	\N	8	101	\N
465	100.00	AVAILABLE	\N	8	102	\N
466	100.00	AVAILABLE	\N	8	103	\N
467	100.00	AVAILABLE	\N	8	104	\N
468	100.00	AVAILABLE	\N	8	105	\N
469	100.00	AVAILABLE	\N	8	106	\N
470	100.00	AVAILABLE	\N	8	107	\N
471	100.00	AVAILABLE	\N	8	108	\N
472	100.00	AVAILABLE	\N	8	109	\N
473	100.00	AVAILABLE	\N	8	110	\N
474	100.00	AVAILABLE	\N	8	111	\N
475	100.00	AVAILABLE	\N	8	112	\N
476	100.00	AVAILABLE	\N	8	113	\N
477	100.00	AVAILABLE	\N	8	114	\N
478	100.00	AVAILABLE	\N	8	115	\N
479	100.00	AVAILABLE	\N	8	116	\N
480	100.00	AVAILABLE	\N	8	117	\N
481	100.00	AVAILABLE	\N	8	118	\N
482	100.00	AVAILABLE	\N	8	119	\N
483	100.00	AVAILABLE	\N	8	120	\N
484	100.00	AVAILABLE	\N	8	121	\N
485	100.00	AVAILABLE	\N	8	122	\N
486	100.00	AVAILABLE	\N	8	123	\N
487	100.00	AVAILABLE	\N	8	124	\N
488	100.00	AVAILABLE	\N	8	125	\N
489	100.00	AVAILABLE	\N	8	126	\N
490	100.00	AVAILABLE	\N	8	127	\N
491	100.00	AVAILABLE	\N	8	128	\N
492	100.00	AVAILABLE	\N	8	129	\N
493	100.00	AVAILABLE	\N	8	130	\N
494	100.00	AVAILABLE	\N	8	131	\N
495	100.00	AVAILABLE	\N	8	132	\N
496	100.00	AVAILABLE	\N	8	133	\N
497	100.00	AVAILABLE	\N	8	134	\N
498	100.00	AVAILABLE	\N	8	135	\N
499	100.00	AVAILABLE	\N	8	136	\N
500	100.00	AVAILABLE	\N	8	137	\N
501	100.00	AVAILABLE	\N	8	138	\N
502	100.00	AVAILABLE	\N	8	139	\N
503	100.00	AVAILABLE	\N	8	140	\N
504	100.00	AVAILABLE	\N	8	141	\N
505	100.00	AVAILABLE	\N	8	142	\N
506	100.00	AVAILABLE	\N	8	143	\N
507	100.00	AVAILABLE	\N	8	144	\N
508	100.00	AVAILABLE	\N	8	145	\N
509	100.00	AVAILABLE	\N	8	146	\N
510	100.00	AVAILABLE	\N	8	147	\N
511	100.00	AVAILABLE	\N	8	148	\N
512	100.00	AVAILABLE	\N	8	149	\N
513	100.00	AVAILABLE	\N	8	150	\N
514	100.00	AVAILABLE	\N	8	151	\N
515	100.00	AVAILABLE	\N	8	152	\N
516	100.00	AVAILABLE	\N	8	153	\N
517	100.00	AVAILABLE	\N	8	154	\N
518	100.00	AVAILABLE	\N	8	155	\N
519	100.00	AVAILABLE	\N	8	156	\N
520	100.00	AVAILABLE	\N	8	157	\N
521	100.00	AVAILABLE	\N	8	158	\N
522	100.00	AVAILABLE	\N	8	159	\N
523	100.00	AVAILABLE	\N	8	160	\N
524	100.00	AVAILABLE	\N	8	161	\N
525	100.00	AVAILABLE	\N	8	162	\N
526	100.00	AVAILABLE	\N	8	163	\N
527	100.00	AVAILABLE	\N	8	164	\N
528	100.00	AVAILABLE	\N	8	165	\N
529	100.00	AVAILABLE	\N	8	166	\N
530	100.00	AVAILABLE	\N	8	167	\N
531	100.00	AVAILABLE	\N	8	168	\N
532	100.00	AVAILABLE	\N	8	169	\N
533	100.00	AVAILABLE	\N	8	170	\N
534	100.00	AVAILABLE	\N	8	171	\N
535	100.00	AVAILABLE	\N	8	172	\N
536	100.00	AVAILABLE	\N	8	173	\N
537	100.00	AVAILABLE	\N	8	174	\N
538	100.00	AVAILABLE	\N	8	175	\N
539	100.00	AVAILABLE	\N	8	176	\N
540	100.00	AVAILABLE	\N	8	177	\N
541	100.00	AVAILABLE	\N	8	178	\N
542	100.00	AVAILABLE	\N	8	179	\N
543	100.00	AVAILABLE	\N	8	180	\N
544	120.00	AVAILABLE	\N	9	1	\N
545	120.00	AVAILABLE	\N	9	2	\N
546	120.00	AVAILABLE	\N	9	3	\N
547	120.00	AVAILABLE	\N	9	4	\N
548	120.00	AVAILABLE	\N	9	5	\N
549	120.00	AVAILABLE	\N	9	6	\N
550	120.00	AVAILABLE	\N	9	7	\N
551	120.00	AVAILABLE	\N	9	8	\N
552	120.00	AVAILABLE	\N	9	9	\N
553	120.00	AVAILABLE	\N	9	10	\N
554	120.00	AVAILABLE	\N	9	11	\N
555	120.00	AVAILABLE	\N	9	12	\N
556	120.00	AVAILABLE	\N	9	13	\N
557	120.00	AVAILABLE	\N	9	14	\N
558	120.00	AVAILABLE	\N	9	15	\N
559	120.00	AVAILABLE	\N	9	16	\N
560	120.00	AVAILABLE	\N	9	17	\N
561	120.00	AVAILABLE	\N	9	18	\N
562	100.00	AVAILABLE	\N	9	19	\N
563	100.00	AVAILABLE	\N	9	20	\N
564	100.00	AVAILABLE	\N	9	21	\N
565	100.00	AVAILABLE	\N	9	22	\N
566	100.00	AVAILABLE	\N	9	23	\N
567	100.00	AVAILABLE	\N	9	24	\N
568	100.00	AVAILABLE	\N	9	25	\N
569	100.00	AVAILABLE	\N	9	26	\N
570	100.00	AVAILABLE	\N	9	27	\N
571	100.00	AVAILABLE	\N	9	28	\N
572	100.00	AVAILABLE	\N	9	29	\N
573	100.00	AVAILABLE	\N	9	30	\N
574	100.00	AVAILABLE	\N	9	31	\N
575	100.00	AVAILABLE	\N	9	32	\N
576	100.00	AVAILABLE	\N	9	33	\N
577	100.00	AVAILABLE	\N	9	34	\N
578	100.00	AVAILABLE	\N	9	35	\N
579	100.00	AVAILABLE	\N	9	36	\N
580	100.00	AVAILABLE	\N	9	37	\N
581	100.00	AVAILABLE	\N	9	38	\N
582	100.00	AVAILABLE	\N	9	39	\N
583	100.00	AVAILABLE	\N	9	40	\N
584	100.00	AVAILABLE	\N	9	41	\N
585	100.00	AVAILABLE	\N	9	42	\N
586	100.00	AVAILABLE	\N	9	43	\N
587	100.00	AVAILABLE	\N	9	44	\N
588	100.00	AVAILABLE	\N	9	45	\N
589	100.00	AVAILABLE	\N	9	46	\N
590	100.00	AVAILABLE	\N	9	47	\N
591	100.00	AVAILABLE	\N	9	48	\N
592	100.00	AVAILABLE	\N	9	49	\N
593	100.00	AVAILABLE	\N	9	50	\N
594	100.00	AVAILABLE	\N	9	51	\N
595	100.00	AVAILABLE	\N	9	52	\N
596	100.00	AVAILABLE	\N	9	53	\N
597	100.00	AVAILABLE	\N	9	54	\N
598	100.00	AVAILABLE	\N	9	55	\N
599	100.00	AVAILABLE	\N	9	56	\N
600	100.00	AVAILABLE	\N	9	57	\N
601	100.00	AVAILABLE	\N	9	58	\N
602	100.00	AVAILABLE	\N	9	59	\N
603	100.00	AVAILABLE	\N	9	60	\N
604	100.00	AVAILABLE	\N	9	61	\N
605	100.00	AVAILABLE	\N	9	62	\N
606	100.00	AVAILABLE	\N	9	63	\N
607	100.00	AVAILABLE	\N	9	64	\N
608	100.00	AVAILABLE	\N	9	65	\N
609	100.00	AVAILABLE	\N	9	66	\N
610	100.00	AVAILABLE	\N	9	67	\N
611	100.00	AVAILABLE	\N	9	68	\N
612	100.00	AVAILABLE	\N	9	69	\N
613	100.00	AVAILABLE	\N	9	70	\N
614	100.00	AVAILABLE	\N	9	71	\N
615	100.00	AVAILABLE	\N	9	72	\N
616	100.00	AVAILABLE	\N	9	73	\N
617	100.00	AVAILABLE	\N	9	74	\N
618	100.00	AVAILABLE	\N	9	75	\N
619	100.00	AVAILABLE	\N	9	76	\N
620	100.00	AVAILABLE	\N	9	77	\N
621	100.00	AVAILABLE	\N	9	78	\N
622	100.00	AVAILABLE	\N	9	79	\N
623	100.00	AVAILABLE	\N	9	80	\N
624	100.00	AVAILABLE	\N	9	81	\N
625	100.00	AVAILABLE	\N	9	82	\N
626	100.00	AVAILABLE	\N	9	83	\N
627	100.00	AVAILABLE	\N	9	84	\N
628	100.00	AVAILABLE	\N	9	85	\N
629	100.00	AVAILABLE	\N	9	86	\N
630	100.00	AVAILABLE	\N	9	87	\N
631	100.00	AVAILABLE	\N	9	88	\N
632	100.00	AVAILABLE	\N	9	89	\N
633	100.00	AVAILABLE	\N	9	90	\N
634	100.00	AVAILABLE	\N	9	91	\N
635	100.00	AVAILABLE	\N	9	92	\N
636	100.00	AVAILABLE	\N	9	93	\N
637	100.00	AVAILABLE	\N	9	94	\N
638	100.00	AVAILABLE	\N	9	95	\N
639	100.00	AVAILABLE	\N	9	96	\N
640	100.00	AVAILABLE	\N	9	97	\N
641	100.00	AVAILABLE	\N	9	98	\N
642	100.00	AVAILABLE	\N	9	99	\N
643	100.00	AVAILABLE	\N	9	100	\N
644	100.00	AVAILABLE	\N	9	101	\N
645	100.00	AVAILABLE	\N	9	102	\N
646	100.00	AVAILABLE	\N	9	103	\N
647	100.00	AVAILABLE	\N	9	104	\N
648	100.00	AVAILABLE	\N	9	105	\N
649	100.00	AVAILABLE	\N	9	106	\N
650	100.00	AVAILABLE	\N	9	107	\N
651	100.00	AVAILABLE	\N	9	108	\N
652	100.00	AVAILABLE	\N	9	109	\N
653	100.00	AVAILABLE	\N	9	110	\N
654	100.00	AVAILABLE	\N	9	111	\N
655	100.00	AVAILABLE	\N	9	112	\N
656	100.00	AVAILABLE	\N	9	113	\N
657	100.00	AVAILABLE	\N	9	114	\N
658	100.00	AVAILABLE	\N	9	115	\N
659	100.00	AVAILABLE	\N	9	116	\N
660	100.00	AVAILABLE	\N	9	117	\N
661	100.00	AVAILABLE	\N	9	118	\N
662	100.00	AVAILABLE	\N	9	119	\N
663	100.00	AVAILABLE	\N	9	120	\N
664	100.00	AVAILABLE	\N	9	121	\N
665	100.00	AVAILABLE	\N	9	122	\N
666	100.00	AVAILABLE	\N	9	123	\N
667	100.00	AVAILABLE	\N	9	124	\N
668	100.00	AVAILABLE	\N	9	125	\N
669	100.00	AVAILABLE	\N	9	126	\N
670	100.00	AVAILABLE	\N	9	127	\N
671	100.00	AVAILABLE	\N	9	128	\N
672	100.00	AVAILABLE	\N	9	129	\N
673	100.00	AVAILABLE	\N	9	130	\N
674	100.00	AVAILABLE	\N	9	131	\N
675	100.00	AVAILABLE	\N	9	132	\N
676	100.00	AVAILABLE	\N	9	133	\N
677	100.00	AVAILABLE	\N	9	134	\N
678	100.00	AVAILABLE	\N	9	135	\N
679	100.00	AVAILABLE	\N	9	136	\N
680	100.00	AVAILABLE	\N	9	137	\N
681	100.00	AVAILABLE	\N	9	138	\N
682	100.00	AVAILABLE	\N	9	139	\N
683	100.00	AVAILABLE	\N	9	140	\N
684	100.00	AVAILABLE	\N	9	141	\N
685	100.00	AVAILABLE	\N	9	142	\N
686	100.00	AVAILABLE	\N	9	143	\N
687	100.00	AVAILABLE	\N	9	144	\N
688	100.00	AVAILABLE	\N	9	145	\N
689	100.00	AVAILABLE	\N	9	146	\N
690	100.00	AVAILABLE	\N	9	147	\N
691	100.00	AVAILABLE	\N	9	148	\N
692	100.00	AVAILABLE	\N	9	149	\N
693	100.00	AVAILABLE	\N	9	150	\N
694	100.00	AVAILABLE	\N	9	151	\N
695	100.00	AVAILABLE	\N	9	152	\N
696	100.00	AVAILABLE	\N	9	153	\N
697	100.00	AVAILABLE	\N	9	154	\N
698	100.00	AVAILABLE	\N	9	155	\N
699	100.00	AVAILABLE	\N	9	156	\N
700	100.00	AVAILABLE	\N	9	157	\N
701	100.00	AVAILABLE	\N	9	158	\N
702	100.00	AVAILABLE	\N	9	159	\N
703	100.00	AVAILABLE	\N	9	160	\N
704	100.00	AVAILABLE	\N	9	161	\N
705	100.00	AVAILABLE	\N	9	162	\N
706	100.00	AVAILABLE	\N	9	163	\N
707	100.00	AVAILABLE	\N	9	164	\N
708	100.00	AVAILABLE	\N	9	165	\N
709	100.00	AVAILABLE	\N	9	166	\N
710	100.00	AVAILABLE	\N	9	167	\N
711	100.00	AVAILABLE	\N	9	168	\N
712	100.00	AVAILABLE	\N	9	169	\N
713	100.00	AVAILABLE	\N	9	170	\N
714	100.00	AVAILABLE	\N	9	171	\N
715	100.00	AVAILABLE	\N	9	172	\N
716	100.00	AVAILABLE	\N	9	173	\N
717	100.00	AVAILABLE	\N	9	174	\N
718	100.00	AVAILABLE	\N	9	175	\N
719	100.00	AVAILABLE	\N	9	176	\N
720	100.00	AVAILABLE	\N	9	177	\N
721	100.00	AVAILABLE	\N	9	178	\N
722	100.00	AVAILABLE	\N	9	179	\N
723	100.00	AVAILABLE	\N	9	180	\N
724	120.00	AVAILABLE	\N	10	1	\N
725	120.00	AVAILABLE	\N	10	2	\N
726	120.00	AVAILABLE	\N	10	3	\N
727	120.00	AVAILABLE	\N	10	4	\N
728	120.00	AVAILABLE	\N	10	5	\N
729	120.00	AVAILABLE	\N	10	6	\N
730	120.00	AVAILABLE	\N	10	7	\N
731	120.00	AVAILABLE	\N	10	8	\N
732	120.00	AVAILABLE	\N	10	9	\N
733	120.00	AVAILABLE	\N	10	10	\N
734	120.00	AVAILABLE	\N	10	11	\N
735	120.00	AVAILABLE	\N	10	12	\N
736	120.00	AVAILABLE	\N	10	13	\N
737	120.00	AVAILABLE	\N	10	14	\N
738	120.00	AVAILABLE	\N	10	15	\N
739	120.00	AVAILABLE	\N	10	16	\N
740	120.00	AVAILABLE	\N	10	17	\N
741	120.00	AVAILABLE	\N	10	18	\N
742	100.00	AVAILABLE	\N	10	19	\N
743	100.00	AVAILABLE	\N	10	20	\N
744	100.00	AVAILABLE	\N	10	21	\N
745	100.00	AVAILABLE	\N	10	22	\N
746	100.00	AVAILABLE	\N	10	23	\N
747	100.00	AVAILABLE	\N	10	24	\N
748	100.00	AVAILABLE	\N	10	25	\N
749	100.00	AVAILABLE	\N	10	26	\N
750	100.00	AVAILABLE	\N	10	27	\N
751	100.00	AVAILABLE	\N	10	28	\N
752	100.00	AVAILABLE	\N	10	29	\N
753	100.00	AVAILABLE	\N	10	30	\N
754	100.00	AVAILABLE	\N	10	31	\N
755	100.00	AVAILABLE	\N	10	32	\N
756	100.00	AVAILABLE	\N	10	33	\N
757	100.00	AVAILABLE	\N	10	34	\N
758	100.00	AVAILABLE	\N	10	35	\N
759	100.00	AVAILABLE	\N	10	36	\N
760	100.00	AVAILABLE	\N	10	37	\N
761	100.00	AVAILABLE	\N	10	38	\N
762	100.00	AVAILABLE	\N	10	39	\N
763	100.00	AVAILABLE	\N	10	40	\N
764	100.00	AVAILABLE	\N	10	41	\N
765	100.00	AVAILABLE	\N	10	42	\N
766	100.00	AVAILABLE	\N	10	43	\N
767	100.00	AVAILABLE	\N	10	44	\N
768	100.00	AVAILABLE	\N	10	45	\N
769	100.00	AVAILABLE	\N	10	46	\N
770	100.00	AVAILABLE	\N	10	47	\N
771	100.00	AVAILABLE	\N	10	48	\N
772	100.00	AVAILABLE	\N	10	49	\N
773	100.00	AVAILABLE	\N	10	50	\N
774	100.00	AVAILABLE	\N	10	51	\N
775	100.00	AVAILABLE	\N	10	52	\N
776	100.00	AVAILABLE	\N	10	53	\N
777	100.00	AVAILABLE	\N	10	54	\N
778	100.00	AVAILABLE	\N	10	55	\N
779	100.00	AVAILABLE	\N	10	56	\N
780	100.00	AVAILABLE	\N	10	57	\N
781	100.00	AVAILABLE	\N	10	58	\N
782	100.00	AVAILABLE	\N	10	59	\N
783	100.00	AVAILABLE	\N	10	60	\N
784	100.00	AVAILABLE	\N	10	61	\N
785	100.00	AVAILABLE	\N	10	62	\N
786	100.00	AVAILABLE	\N	10	63	\N
787	100.00	AVAILABLE	\N	10	64	\N
788	100.00	AVAILABLE	\N	10	65	\N
789	100.00	AVAILABLE	\N	10	66	\N
790	100.00	AVAILABLE	\N	10	67	\N
791	100.00	AVAILABLE	\N	10	68	\N
792	100.00	AVAILABLE	\N	10	69	\N
793	100.00	AVAILABLE	\N	10	70	\N
794	100.00	AVAILABLE	\N	10	71	\N
795	100.00	AVAILABLE	\N	10	72	\N
796	100.00	AVAILABLE	\N	10	73	\N
797	100.00	AVAILABLE	\N	10	74	\N
798	100.00	AVAILABLE	\N	10	75	\N
799	100.00	AVAILABLE	\N	10	76	\N
800	100.00	AVAILABLE	\N	10	77	\N
801	100.00	AVAILABLE	\N	10	78	\N
802	100.00	AVAILABLE	\N	10	79	\N
803	100.00	AVAILABLE	\N	10	80	\N
804	100.00	AVAILABLE	\N	10	81	\N
805	100.00	AVAILABLE	\N	10	82	\N
806	100.00	AVAILABLE	\N	10	83	\N
807	100.00	AVAILABLE	\N	10	84	\N
808	100.00	AVAILABLE	\N	10	85	\N
809	100.00	AVAILABLE	\N	10	86	\N
810	100.00	AVAILABLE	\N	10	87	\N
811	100.00	AVAILABLE	\N	10	88	\N
812	100.00	AVAILABLE	\N	10	89	\N
813	100.00	AVAILABLE	\N	10	90	\N
814	100.00	AVAILABLE	\N	10	91	\N
815	100.00	AVAILABLE	\N	10	92	\N
816	100.00	AVAILABLE	\N	10	93	\N
817	100.00	AVAILABLE	\N	10	94	\N
818	100.00	AVAILABLE	\N	10	95	\N
819	100.00	AVAILABLE	\N	10	96	\N
820	100.00	AVAILABLE	\N	10	97	\N
821	100.00	AVAILABLE	\N	10	98	\N
822	100.00	AVAILABLE	\N	10	99	\N
823	100.00	AVAILABLE	\N	10	100	\N
824	100.00	AVAILABLE	\N	10	101	\N
825	100.00	AVAILABLE	\N	10	102	\N
826	100.00	AVAILABLE	\N	10	103	\N
827	100.00	AVAILABLE	\N	10	104	\N
828	100.00	AVAILABLE	\N	10	105	\N
829	100.00	AVAILABLE	\N	10	106	\N
830	100.00	AVAILABLE	\N	10	107	\N
831	100.00	AVAILABLE	\N	10	108	\N
832	100.00	AVAILABLE	\N	10	109	\N
833	100.00	AVAILABLE	\N	10	110	\N
834	100.00	AVAILABLE	\N	10	111	\N
835	100.00	AVAILABLE	\N	10	112	\N
836	100.00	AVAILABLE	\N	10	113	\N
837	100.00	AVAILABLE	\N	10	114	\N
838	100.00	AVAILABLE	\N	10	115	\N
839	100.00	AVAILABLE	\N	10	116	\N
840	100.00	AVAILABLE	\N	10	117	\N
841	100.00	AVAILABLE	\N	10	118	\N
842	100.00	AVAILABLE	\N	10	119	\N
843	100.00	AVAILABLE	\N	10	120	\N
844	100.00	AVAILABLE	\N	10	121	\N
845	100.00	AVAILABLE	\N	10	122	\N
846	100.00	AVAILABLE	\N	10	123	\N
847	100.00	AVAILABLE	\N	10	124	\N
848	100.00	AVAILABLE	\N	10	125	\N
849	100.00	AVAILABLE	\N	10	126	\N
850	100.00	AVAILABLE	\N	10	127	\N
851	100.00	AVAILABLE	\N	10	128	\N
852	100.00	AVAILABLE	\N	10	129	\N
853	100.00	AVAILABLE	\N	10	130	\N
854	100.00	AVAILABLE	\N	10	131	\N
855	100.00	AVAILABLE	\N	10	132	\N
856	100.00	AVAILABLE	\N	10	133	\N
857	100.00	AVAILABLE	\N	10	134	\N
858	100.00	AVAILABLE	\N	10	135	\N
859	100.00	AVAILABLE	\N	10	136	\N
860	100.00	AVAILABLE	\N	10	137	\N
861	100.00	AVAILABLE	\N	10	138	\N
862	100.00	AVAILABLE	\N	10	139	\N
863	100.00	AVAILABLE	\N	10	140	\N
864	100.00	AVAILABLE	\N	10	141	\N
865	100.00	AVAILABLE	\N	10	142	\N
866	100.00	AVAILABLE	\N	10	143	\N
867	100.00	AVAILABLE	\N	10	144	\N
868	100.00	AVAILABLE	\N	10	145	\N
869	100.00	AVAILABLE	\N	10	146	\N
870	100.00	AVAILABLE	\N	10	147	\N
871	100.00	AVAILABLE	\N	10	148	\N
872	100.00	AVAILABLE	\N	10	149	\N
873	100.00	AVAILABLE	\N	10	150	\N
874	100.00	AVAILABLE	\N	10	151	\N
875	100.00	AVAILABLE	\N	10	152	\N
876	100.00	AVAILABLE	\N	10	153	\N
877	100.00	AVAILABLE	\N	10	154	\N
878	100.00	AVAILABLE	\N	10	155	\N
879	100.00	AVAILABLE	\N	10	156	\N
880	100.00	AVAILABLE	\N	10	157	\N
881	100.00	AVAILABLE	\N	10	158	\N
882	100.00	AVAILABLE	\N	10	159	\N
883	100.00	AVAILABLE	\N	10	160	\N
884	100.00	AVAILABLE	\N	10	161	\N
885	100.00	AVAILABLE	\N	10	162	\N
886	100.00	AVAILABLE	\N	10	163	\N
887	100.00	AVAILABLE	\N	10	164	\N
888	100.00	AVAILABLE	\N	10	165	\N
889	100.00	AVAILABLE	\N	10	166	\N
890	100.00	AVAILABLE	\N	10	167	\N
891	100.00	AVAILABLE	\N	10	168	\N
892	100.00	AVAILABLE	\N	10	169	\N
893	100.00	AVAILABLE	\N	10	170	\N
894	100.00	AVAILABLE	\N	10	171	\N
895	100.00	AVAILABLE	\N	10	172	\N
896	100.00	AVAILABLE	\N	10	173	\N
897	100.00	AVAILABLE	\N	10	174	\N
898	100.00	AVAILABLE	\N	10	175	\N
899	100.00	AVAILABLE	\N	10	176	\N
900	100.00	AVAILABLE	\N	10	177	\N
901	100.00	AVAILABLE	\N	10	178	\N
902	100.00	AVAILABLE	\N	10	179	\N
903	100.00	AVAILABLE	\N	10	180	\N
64	100.00	AVAILABLE	4	6	61	1
33	100.00	PAID	3	6	30	1
52	100.00	AVAILABLE	6	6	49	1
61	100.00	AVAILABLE	6	6	58	1
\.


--
-- Data for Name: locations_city; Type: TABLE DATA; Schema: public; Owner: oleksandrpechak
--

COPY public.locations_city (id, city, country_id) FROM stdin;
1	aa	1
\.


--
-- Data for Name: locations_country; Type: TABLE DATA; Schema: public; Owner: oleksandrpechak
--

COPY public.locations_country (id, country, code) FROM stdin;
1	AA	AA
\.


--
-- Data for Name: payments_payment; Type: TABLE DATA; Schema: public; Owner: oleksandrpechak
--

COPY public.payments_payment (id, stripe_session_id, amount, status, created_at, booking_id) FROM stdin;
1	cs_test_a1NVoYbizn3f2Dll8KqRvzWQPmN9mmLgg4wh391hJhydEYlyXbEo9eoBWV	600.00	PENDING	2026-06-03 18:36:50.402427+03	1
3	cs_test_a1bgmEA67x6vBe8FAMfIWabi1XgyBtCX2klVgq4Ak5FyR9V59nINhoTuRf	600.00	PENDING	2026-06-04 12:25:31.709411+03	2
4	cs_test_a1Cu754cBYVfUpdMHgyMwT09v8F7p4iaOsVz1MgqabDWi9MhCeqmQB3BIy	500.00	COMPLETED	2026-06-04 13:19:16.968493+03	3
5	cs_test_a13QHcXpAYbETRClu1Ix4Qw0EBdKFFGy87LwuQpLZv0SaxMtEnNOwwr58I	300.00	PENDING	2026-06-04 14:07:04.437565+03	4
7	cs_test_a1oLaGZaDO6Gy7U5uyp3Wi1q5pOKED06M4hyv4aDp39TD0l3773GCA67pq	300.00	PENDING	2026-06-04 14:19:04.872704+03	6
9	cs_test_a1VvkNHIJDtPJJ7pQazGKJnvPOTbyk13WufARXvzLqsDBGcHCw5XlVpUxA	100.00	COMPLETED	2026-06-04 18:22:28.463719+03	7
10	cs_test_a1YHz98F9aMMVcZGBDRnT896ocmKXEaYloMR5ijA6G95mRG27YWvpzrOFL	100.00	COMPLETED	2026-06-04 18:28:41.637945+03	8
\.


--
-- Data for Name: users_customuser; Type: TABLE DATA; Schema: public; Owner: oleksandrpechak
--

COPY public.users_customuser (id, password, last_login, is_superuser, first_name, last_name, is_staff, is_active, date_joined, email, role) FROM stdin;
2	pbkdf2_sha256$1200000$jTT83zdLT6emX82xIbNq6N$qZaJFO92rqRfFp6c6I0okD/HBhK+NrsnwNFzHncS66U=	\N	t	admin	ad	t	t	2026-06-01 13:44:10.95713+03	admin@admin.ad	USER
1	pbkdf2_sha256$1200000$ghcn2FTYWXeMheCZsGgGpg$Dh8Hs8OI4UtDJzIn5Klhr5DQAOMorskVFrfnJEL4PVs=	2026-06-01 13:44:28.497179+03	t	AA	SS	t	t	2026-06-01 13:43:18.429856+03	aa@aa.aa	USER
\.


--
-- Data for Name: users_customuser_groups; Type: TABLE DATA; Schema: public; Owner: oleksandrpechak
--

COPY public.users_customuser_groups (id, customuser_id, group_id) FROM stdin;
\.


--
-- Data for Name: users_customuser_user_permissions; Type: TABLE DATA; Schema: public; Owner: oleksandrpechak
--

COPY public.users_customuser_user_permissions (id, customuser_id, permission_id) FROM stdin;
\.


--
-- Name: auth_group_id_seq; Type: SEQUENCE SET; Schema: public; Owner: oleksandrpechak
--

SELECT pg_catalog.setval('public.auth_group_id_seq', 1, false);


--
-- Name: auth_group_permissions_id_seq; Type: SEQUENCE SET; Schema: public; Owner: oleksandrpechak
--

SELECT pg_catalog.setval('public.auth_group_permissions_id_seq', 1, false);


--
-- Name: auth_permission_id_seq; Type: SEQUENCE SET; Schema: public; Owner: oleksandrpechak
--

SELECT pg_catalog.setval('public.auth_permission_id_seq', 76, true);


--
-- Name: aviation_airline_id_seq; Type: SEQUENCE SET; Schema: public; Owner: oleksandrpechak
--

SELECT pg_catalog.setval('public.aviation_airline_id_seq', 1, true);


--
-- Name: aviation_airplane_id_seq; Type: SEQUENCE SET; Schema: public; Owner: oleksandrpechak
--

SELECT pg_catalog.setval('public.aviation_airplane_id_seq', 5, true);


--
-- Name: aviation_airplaneseat_id_seq; Type: SEQUENCE SET; Schema: public; Owner: oleksandrpechak
--

SELECT pg_catalog.setval('public.aviation_airplaneseat_id_seq', 540, true);


--
-- Name: aviation_airport_airline_id_seq; Type: SEQUENCE SET; Schema: public; Owner: oleksandrpechak
--

SELECT pg_catalog.setval('public.aviation_airport_airline_id_seq', 2, true);


--
-- Name: aviation_airport_id_seq; Type: SEQUENCE SET; Schema: public; Owner: oleksandrpechak
--

SELECT pg_catalog.setval('public.aviation_airport_id_seq', 2, true);


--
-- Name: aviation_fleetitem_id_seq; Type: SEQUENCE SET; Schema: public; Owner: oleksandrpechak
--

SELECT pg_catalog.setval('public.aviation_fleetitem_id_seq', 2, true);


--
-- Name: django_admin_log_id_seq; Type: SEQUENCE SET; Schema: public; Owner: oleksandrpechak
--

SELECT pg_catalog.setval('public.django_admin_log_id_seq', 8, true);


--
-- Name: django_content_type_id_seq; Type: SEQUENCE SET; Schema: public; Owner: oleksandrpechak
--

SELECT pg_catalog.setval('public.django_content_type_id_seq', 19, true);


--
-- Name: django_migrations_id_seq; Type: SEQUENCE SET; Schema: public; Owner: oleksandrpechak
--

SELECT pg_catalog.setval('public.django_migrations_id_seq', 47, true);


--
-- Name: flights_booking_id_seq; Type: SEQUENCE SET; Schema: public; Owner: oleksandrpechak
--

SELECT pg_catalog.setval('public.flights_booking_id_seq', 8, true);


--
-- Name: flights_flight_id_seq; Type: SEQUENCE SET; Schema: public; Owner: oleksandrpechak
--

SELECT pg_catalog.setval('public.flights_flight_id_seq', 10, true);


--
-- Name: flights_ticket_id_seq; Type: SEQUENCE SET; Schema: public; Owner: oleksandrpechak
--

SELECT pg_catalog.setval('public.flights_ticket_id_seq', 903, true);


--
-- Name: locations_city_id_seq; Type: SEQUENCE SET; Schema: public; Owner: oleksandrpechak
--

SELECT pg_catalog.setval('public.locations_city_id_seq', 1, true);


--
-- Name: locations_country_id_seq; Type: SEQUENCE SET; Schema: public; Owner: oleksandrpechak
--

SELECT pg_catalog.setval('public.locations_country_id_seq', 1, true);


--
-- Name: payments_payment_id_seq; Type: SEQUENCE SET; Schema: public; Owner: oleksandrpechak
--

SELECT pg_catalog.setval('public.payments_payment_id_seq', 10, true);


--
-- Name: users_customuser_groups_id_seq; Type: SEQUENCE SET; Schema: public; Owner: oleksandrpechak
--

SELECT pg_catalog.setval('public.users_customuser_groups_id_seq', 1, false);


--
-- Name: users_customuser_id_seq; Type: SEQUENCE SET; Schema: public; Owner: oleksandrpechak
--

SELECT pg_catalog.setval('public.users_customuser_id_seq', 2, true);


--
-- Name: users_customuser_user_permissions_id_seq; Type: SEQUENCE SET; Schema: public; Owner: oleksandrpechak
--

SELECT pg_catalog.setval('public.users_customuser_user_permissions_id_seq', 1, false);


--
-- Name: auth_group auth_group_name_key; Type: CONSTRAINT; Schema: public; Owner: oleksandrpechak
--

ALTER TABLE ONLY public.auth_group
    ADD CONSTRAINT auth_group_name_key UNIQUE (name);


--
-- Name: auth_group_permissions auth_group_permissions_group_id_permission_id_0cd325b0_uniq; Type: CONSTRAINT; Schema: public; Owner: oleksandrpechak
--

ALTER TABLE ONLY public.auth_group_permissions
    ADD CONSTRAINT auth_group_permissions_group_id_permission_id_0cd325b0_uniq UNIQUE (group_id, permission_id);


--
-- Name: auth_group_permissions auth_group_permissions_pkey; Type: CONSTRAINT; Schema: public; Owner: oleksandrpechak
--

ALTER TABLE ONLY public.auth_group_permissions
    ADD CONSTRAINT auth_group_permissions_pkey PRIMARY KEY (id);


--
-- Name: auth_group auth_group_pkey; Type: CONSTRAINT; Schema: public; Owner: oleksandrpechak
--

ALTER TABLE ONLY public.auth_group
    ADD CONSTRAINT auth_group_pkey PRIMARY KEY (id);


--
-- Name: auth_permission auth_permission_content_type_id_codename_01ab375a_uniq; Type: CONSTRAINT; Schema: public; Owner: oleksandrpechak
--

ALTER TABLE ONLY public.auth_permission
    ADD CONSTRAINT auth_permission_content_type_id_codename_01ab375a_uniq UNIQUE (content_type_id, codename);


--
-- Name: auth_permission auth_permission_pkey; Type: CONSTRAINT; Schema: public; Owner: oleksandrpechak
--

ALTER TABLE ONLY public.auth_permission
    ADD CONSTRAINT auth_permission_pkey PRIMARY KEY (id);


--
-- Name: authtoken_token authtoken_token_pkey; Type: CONSTRAINT; Schema: public; Owner: oleksandrpechak
--

ALTER TABLE ONLY public.authtoken_token
    ADD CONSTRAINT authtoken_token_pkey PRIMARY KEY (key);


--
-- Name: authtoken_token authtoken_token_user_id_key; Type: CONSTRAINT; Schema: public; Owner: oleksandrpechak
--

ALTER TABLE ONLY public.authtoken_token
    ADD CONSTRAINT authtoken_token_user_id_key UNIQUE (user_id);


--
-- Name: aviation_airline aviation_airline_pkey; Type: CONSTRAINT; Schema: public; Owner: oleksandrpechak
--

ALTER TABLE ONLY public.aviation_airline
    ADD CONSTRAINT aviation_airline_pkey PRIMARY KEY (id);


--
-- Name: aviation_airplane aviation_airplane_pkey; Type: CONSTRAINT; Schema: public; Owner: oleksandrpechak
--

ALTER TABLE ONLY public.aviation_airplane
    ADD CONSTRAINT aviation_airplane_pkey PRIMARY KEY (id);


--
-- Name: aviation_airplaneseat aviation_airplaneseat_pkey; Type: CONSTRAINT; Schema: public; Owner: oleksandrpechak
--

ALTER TABLE ONLY public.aviation_airplaneseat
    ADD CONSTRAINT aviation_airplaneseat_pkey PRIMARY KEY (id);


--
-- Name: aviation_airport_airline aviation_airport_airline_airport_id_airline_id_6d66a30c_uniq; Type: CONSTRAINT; Schema: public; Owner: oleksandrpechak
--

ALTER TABLE ONLY public.aviation_airport_airline
    ADD CONSTRAINT aviation_airport_airline_airport_id_airline_id_6d66a30c_uniq UNIQUE (airport_id, airline_id);


--
-- Name: aviation_airport_airline aviation_airport_airline_pkey; Type: CONSTRAINT; Schema: public; Owner: oleksandrpechak
--

ALTER TABLE ONLY public.aviation_airport_airline
    ADD CONSTRAINT aviation_airport_airline_pkey PRIMARY KEY (id);


--
-- Name: aviation_airport aviation_airport_iata_code_key; Type: CONSTRAINT; Schema: public; Owner: oleksandrpechak
--

ALTER TABLE ONLY public.aviation_airport
    ADD CONSTRAINT aviation_airport_iata_code_key UNIQUE (iata_code);


--
-- Name: aviation_airport aviation_airport_pkey; Type: CONSTRAINT; Schema: public; Owner: oleksandrpechak
--

ALTER TABLE ONLY public.aviation_airport
    ADD CONSTRAINT aviation_airport_pkey PRIMARY KEY (id);


--
-- Name: aviation_fleetitem aviation_fleetitem_pkey; Type: CONSTRAINT; Schema: public; Owner: oleksandrpechak
--

ALTER TABLE ONLY public.aviation_fleetitem
    ADD CONSTRAINT aviation_fleetitem_pkey PRIMARY KEY (id);


--
-- Name: aviation_fleetitem aviation_fleetitem_tail_number_key; Type: CONSTRAINT; Schema: public; Owner: oleksandrpechak
--

ALTER TABLE ONLY public.aviation_fleetitem
    ADD CONSTRAINT aviation_fleetitem_tail_number_key UNIQUE (tail_number);


--
-- Name: django_admin_log django_admin_log_pkey; Type: CONSTRAINT; Schema: public; Owner: oleksandrpechak
--

ALTER TABLE ONLY public.django_admin_log
    ADD CONSTRAINT django_admin_log_pkey PRIMARY KEY (id);


--
-- Name: django_content_type django_content_type_app_label_model_76bd3d3b_uniq; Type: CONSTRAINT; Schema: public; Owner: oleksandrpechak
--

ALTER TABLE ONLY public.django_content_type
    ADD CONSTRAINT django_content_type_app_label_model_76bd3d3b_uniq UNIQUE (app_label, model);


--
-- Name: django_content_type django_content_type_pkey; Type: CONSTRAINT; Schema: public; Owner: oleksandrpechak
--

ALTER TABLE ONLY public.django_content_type
    ADD CONSTRAINT django_content_type_pkey PRIMARY KEY (id);


--
-- Name: django_migrations django_migrations_pkey; Type: CONSTRAINT; Schema: public; Owner: oleksandrpechak
--

ALTER TABLE ONLY public.django_migrations
    ADD CONSTRAINT django_migrations_pkey PRIMARY KEY (id);


--
-- Name: django_session django_session_pkey; Type: CONSTRAINT; Schema: public; Owner: oleksandrpechak
--

ALTER TABLE ONLY public.django_session
    ADD CONSTRAINT django_session_pkey PRIMARY KEY (session_key);


--
-- Name: flights_booking flights_booking_pkey; Type: CONSTRAINT; Schema: public; Owner: oleksandrpechak
--

ALTER TABLE ONLY public.flights_booking
    ADD CONSTRAINT flights_booking_pkey PRIMARY KEY (id);


--
-- Name: flights_flight flights_flight_pkey; Type: CONSTRAINT; Schema: public; Owner: oleksandrpechak
--

ALTER TABLE ONLY public.flights_flight
    ADD CONSTRAINT flights_flight_pkey PRIMARY KEY (id);


--
-- Name: flights_ticket flights_ticket_flight_number_id_flight_seat_id_5b798fa6_uniq; Type: CONSTRAINT; Schema: public; Owner: oleksandrpechak
--

ALTER TABLE ONLY public.flights_ticket
    ADD CONSTRAINT flights_ticket_flight_number_id_flight_seat_id_5b798fa6_uniq UNIQUE (flight_number_id, flight_seat_id);


--
-- Name: flights_ticket flights_ticket_pkey; Type: CONSTRAINT; Schema: public; Owner: oleksandrpechak
--

ALTER TABLE ONLY public.flights_ticket
    ADD CONSTRAINT flights_ticket_pkey PRIMARY KEY (id);


--
-- Name: locations_city locations_city_pkey; Type: CONSTRAINT; Schema: public; Owner: oleksandrpechak
--

ALTER TABLE ONLY public.locations_city
    ADD CONSTRAINT locations_city_pkey PRIMARY KEY (id);


--
-- Name: locations_country locations_country_pkey; Type: CONSTRAINT; Schema: public; Owner: oleksandrpechak
--

ALTER TABLE ONLY public.locations_country
    ADD CONSTRAINT locations_country_pkey PRIMARY KEY (id);


--
-- Name: payments_payment payments_payment_booking_id_key; Type: CONSTRAINT; Schema: public; Owner: oleksandrpechak
--

ALTER TABLE ONLY public.payments_payment
    ADD CONSTRAINT payments_payment_booking_id_key UNIQUE (booking_id);


--
-- Name: payments_payment payments_payment_pkey; Type: CONSTRAINT; Schema: public; Owner: oleksandrpechak
--

ALTER TABLE ONLY public.payments_payment
    ADD CONSTRAINT payments_payment_pkey PRIMARY KEY (id);


--
-- Name: payments_payment payments_payment_stripe_session_id_key; Type: CONSTRAINT; Schema: public; Owner: oleksandrpechak
--

ALTER TABLE ONLY public.payments_payment
    ADD CONSTRAINT payments_payment_stripe_session_id_key UNIQUE (stripe_session_id);


--
-- Name: aviation_airplane unique_brand_model; Type: CONSTRAINT; Schema: public; Owner: oleksandrpechak
--

ALTER TABLE ONLY public.aviation_airplane
    ADD CONSTRAINT unique_brand_model UNIQUE (brand, model);


--
-- Name: users_customuser users_customuser_email_key; Type: CONSTRAINT; Schema: public; Owner: oleksandrpechak
--

ALTER TABLE ONLY public.users_customuser
    ADD CONSTRAINT users_customuser_email_key UNIQUE (email);


--
-- Name: users_customuser_groups users_customuser_groups_customuser_id_group_id_76b619e3_uniq; Type: CONSTRAINT; Schema: public; Owner: oleksandrpechak
--

ALTER TABLE ONLY public.users_customuser_groups
    ADD CONSTRAINT users_customuser_groups_customuser_id_group_id_76b619e3_uniq UNIQUE (customuser_id, group_id);


--
-- Name: users_customuser_groups users_customuser_groups_pkey; Type: CONSTRAINT; Schema: public; Owner: oleksandrpechak
--

ALTER TABLE ONLY public.users_customuser_groups
    ADD CONSTRAINT users_customuser_groups_pkey PRIMARY KEY (id);


--
-- Name: users_customuser users_customuser_pkey; Type: CONSTRAINT; Schema: public; Owner: oleksandrpechak
--

ALTER TABLE ONLY public.users_customuser
    ADD CONSTRAINT users_customuser_pkey PRIMARY KEY (id);


--
-- Name: users_customuser_user_permissions users_customuser_user_pe_customuser_id_permission_7a7debf6_uniq; Type: CONSTRAINT; Schema: public; Owner: oleksandrpechak
--

ALTER TABLE ONLY public.users_customuser_user_permissions
    ADD CONSTRAINT users_customuser_user_pe_customuser_id_permission_7a7debf6_uniq UNIQUE (customuser_id, permission_id);


--
-- Name: users_customuser_user_permissions users_customuser_user_permissions_pkey; Type: CONSTRAINT; Schema: public; Owner: oleksandrpechak
--

ALTER TABLE ONLY public.users_customuser_user_permissions
    ADD CONSTRAINT users_customuser_user_permissions_pkey PRIMARY KEY (id);


--
-- Name: auth_group_name_a6ea08ec_like; Type: INDEX; Schema: public; Owner: oleksandrpechak
--

CREATE INDEX auth_group_name_a6ea08ec_like ON public.auth_group USING btree (name varchar_pattern_ops);


--
-- Name: auth_group_permissions_group_id_b120cbf9; Type: INDEX; Schema: public; Owner: oleksandrpechak
--

CREATE INDEX auth_group_permissions_group_id_b120cbf9 ON public.auth_group_permissions USING btree (group_id);


--
-- Name: auth_group_permissions_permission_id_84c5c92e; Type: INDEX; Schema: public; Owner: oleksandrpechak
--

CREATE INDEX auth_group_permissions_permission_id_84c5c92e ON public.auth_group_permissions USING btree (permission_id);


--
-- Name: auth_permission_content_type_id_2f476e4b; Type: INDEX; Schema: public; Owner: oleksandrpechak
--

CREATE INDEX auth_permission_content_type_id_2f476e4b ON public.auth_permission USING btree (content_type_id);


--
-- Name: authtoken_token_key_10f0b77e_like; Type: INDEX; Schema: public; Owner: oleksandrpechak
--

CREATE INDEX authtoken_token_key_10f0b77e_like ON public.authtoken_token USING btree (key varchar_pattern_ops);


--
-- Name: aviation_airplaneseat_airplane_id_10ea037e; Type: INDEX; Schema: public; Owner: oleksandrpechak
--

CREATE INDEX aviation_airplaneseat_airplane_id_10ea037e ON public.aviation_airplaneseat USING btree (airplane_id);


--
-- Name: aviation_airport_airline_airline_id_e4d0a5c9; Type: INDEX; Schema: public; Owner: oleksandrpechak
--

CREATE INDEX aviation_airport_airline_airline_id_e4d0a5c9 ON public.aviation_airport_airline USING btree (airline_id);


--
-- Name: aviation_airport_airline_airport_id_24a09699; Type: INDEX; Schema: public; Owner: oleksandrpechak
--

CREATE INDEX aviation_airport_airline_airport_id_24a09699 ON public.aviation_airport_airline USING btree (airport_id);


--
-- Name: aviation_airport_city_id_76140dd3; Type: INDEX; Schema: public; Owner: oleksandrpechak
--

CREATE INDEX aviation_airport_city_id_76140dd3 ON public.aviation_airport USING btree (city_id);


--
-- Name: aviation_airport_iata_code_3ec65c6f_like; Type: INDEX; Schema: public; Owner: oleksandrpechak
--

CREATE INDEX aviation_airport_iata_code_3ec65c6f_like ON public.aviation_airport USING btree (iata_code varchar_pattern_ops);


--
-- Name: aviation_fleetitem_airline_id_10750576; Type: INDEX; Schema: public; Owner: oleksandrpechak
--

CREATE INDEX aviation_fleetitem_airline_id_10750576 ON public.aviation_fleetitem USING btree (airline_id);


--
-- Name: aviation_fleetitem_airplane_id_e023843e; Type: INDEX; Schema: public; Owner: oleksandrpechak
--

CREATE INDEX aviation_fleetitem_airplane_id_e023843e ON public.aviation_fleetitem USING btree (airplane_id);


--
-- Name: aviation_fleetitem_tail_number_b07bdd0b_like; Type: INDEX; Schema: public; Owner: oleksandrpechak
--

CREATE INDEX aviation_fleetitem_tail_number_b07bdd0b_like ON public.aviation_fleetitem USING btree (tail_number varchar_pattern_ops);


--
-- Name: django_admin_log_content_type_id_c4bce8eb; Type: INDEX; Schema: public; Owner: oleksandrpechak
--

CREATE INDEX django_admin_log_content_type_id_c4bce8eb ON public.django_admin_log USING btree (content_type_id);


--
-- Name: django_admin_log_user_id_c564eba6; Type: INDEX; Schema: public; Owner: oleksandrpechak
--

CREATE INDEX django_admin_log_user_id_c564eba6 ON public.django_admin_log USING btree (user_id);


--
-- Name: django_session_expire_date_a5c62663; Type: INDEX; Schema: public; Owner: oleksandrpechak
--

CREATE INDEX django_session_expire_date_a5c62663 ON public.django_session USING btree (expire_date);


--
-- Name: django_session_session_key_c0390e0f_like; Type: INDEX; Schema: public; Owner: oleksandrpechak
--

CREATE INDEX django_session_session_key_c0390e0f_like ON public.django_session USING btree (session_key varchar_pattern_ops);


--
-- Name: flights_booking_user_id_id_a8c165c4; Type: INDEX; Schema: public; Owner: oleksandrpechak
--

CREATE INDEX flights_booking_user_id_id_a8c165c4 ON public.flights_booking USING btree (user_id);


--
-- Name: flights_flight_airline_name_id_c089e61f; Type: INDEX; Schema: public; Owner: oleksandrpechak
--

CREATE INDEX flights_flight_airline_name_id_c089e61f ON public.flights_flight USING btree (airline_name_id);


--
-- Name: flights_flight_airplane_id_daecf5ae; Type: INDEX; Schema: public; Owner: oleksandrpechak
--

CREATE INDEX flights_flight_airplane_id_daecf5ae ON public.flights_flight USING btree (airplane_id);


--
-- Name: flights_flight_arrival_airport_id_84ab2819; Type: INDEX; Schema: public; Owner: oleksandrpechak
--

CREATE INDEX flights_flight_arrival_airport_id_84ab2819 ON public.flights_flight USING btree (arrival_airport_id);


--
-- Name: flights_flight_departure_airport_id_b2e6f2f5; Type: INDEX; Schema: public; Owner: oleksandrpechak
--

CREATE INDEX flights_flight_departure_airport_id_b2e6f2f5 ON public.flights_flight USING btree (departure_airport_id);


--
-- Name: flights_ticket_booking_id_6d6c0456; Type: INDEX; Schema: public; Owner: oleksandrpechak
--

CREATE INDEX flights_ticket_booking_id_6d6c0456 ON public.flights_ticket USING btree (booking_id);


--
-- Name: flights_ticket_flight_number_id_44e19186; Type: INDEX; Schema: public; Owner: oleksandrpechak
--

CREATE INDEX flights_ticket_flight_number_id_44e19186 ON public.flights_ticket USING btree (flight_number_id);


--
-- Name: flights_ticket_flight_seat_id_fc7c6481; Type: INDEX; Schema: public; Owner: oleksandrpechak
--

CREATE INDEX flights_ticket_flight_seat_id_fc7c6481 ON public.flights_ticket USING btree (flight_seat_id);


--
-- Name: flights_ticket_passenger_name_id_b2f59496; Type: INDEX; Schema: public; Owner: oleksandrpechak
--

CREATE INDEX flights_ticket_passenger_name_id_b2f59496 ON public.flights_ticket USING btree (passenger_name_id);


--
-- Name: locations_city_country_id_b1e09d1d; Type: INDEX; Schema: public; Owner: oleksandrpechak
--

CREATE INDEX locations_city_country_id_b1e09d1d ON public.locations_city USING btree (country_id);


--
-- Name: payments_payment_stripe_session_id_355a5e09_like; Type: INDEX; Schema: public; Owner: oleksandrpechak
--

CREATE INDEX payments_payment_stripe_session_id_355a5e09_like ON public.payments_payment USING btree (stripe_session_id varchar_pattern_ops);


--
-- Name: users_customuser_email_6445acef_like; Type: INDEX; Schema: public; Owner: oleksandrpechak
--

CREATE INDEX users_customuser_email_6445acef_like ON public.users_customuser USING btree (email varchar_pattern_ops);


--
-- Name: users_customuser_groups_customuser_id_958147bf; Type: INDEX; Schema: public; Owner: oleksandrpechak
--

CREATE INDEX users_customuser_groups_customuser_id_958147bf ON public.users_customuser_groups USING btree (customuser_id);


--
-- Name: users_customuser_groups_group_id_01390b14; Type: INDEX; Schema: public; Owner: oleksandrpechak
--

CREATE INDEX users_customuser_groups_group_id_01390b14 ON public.users_customuser_groups USING btree (group_id);


--
-- Name: users_customuser_user_permissions_customuser_id_5771478b; Type: INDEX; Schema: public; Owner: oleksandrpechak
--

CREATE INDEX users_customuser_user_permissions_customuser_id_5771478b ON public.users_customuser_user_permissions USING btree (customuser_id);


--
-- Name: users_customuser_user_permissions_permission_id_baaa2f74; Type: INDEX; Schema: public; Owner: oleksandrpechak
--

CREATE INDEX users_customuser_user_permissions_permission_id_baaa2f74 ON public.users_customuser_user_permissions USING btree (permission_id);


--
-- Name: auth_group_permissions auth_group_permissio_permission_id_84c5c92e_fk_auth_perm; Type: FK CONSTRAINT; Schema: public; Owner: oleksandrpechak
--

ALTER TABLE ONLY public.auth_group_permissions
    ADD CONSTRAINT auth_group_permissio_permission_id_84c5c92e_fk_auth_perm FOREIGN KEY (permission_id) REFERENCES public.auth_permission(id) DEFERRABLE INITIALLY DEFERRED;


--
-- Name: auth_group_permissions auth_group_permissions_group_id_b120cbf9_fk_auth_group_id; Type: FK CONSTRAINT; Schema: public; Owner: oleksandrpechak
--

ALTER TABLE ONLY public.auth_group_permissions
    ADD CONSTRAINT auth_group_permissions_group_id_b120cbf9_fk_auth_group_id FOREIGN KEY (group_id) REFERENCES public.auth_group(id) DEFERRABLE INITIALLY DEFERRED;


--
-- Name: auth_permission auth_permission_content_type_id_2f476e4b_fk_django_co; Type: FK CONSTRAINT; Schema: public; Owner: oleksandrpechak
--

ALTER TABLE ONLY public.auth_permission
    ADD CONSTRAINT auth_permission_content_type_id_2f476e4b_fk_django_co FOREIGN KEY (content_type_id) REFERENCES public.django_content_type(id) DEFERRABLE INITIALLY DEFERRED;


--
-- Name: authtoken_token authtoken_token_user_id_35299eff_fk_users_customuser_id; Type: FK CONSTRAINT; Schema: public; Owner: oleksandrpechak
--

ALTER TABLE ONLY public.authtoken_token
    ADD CONSTRAINT authtoken_token_user_id_35299eff_fk_users_customuser_id FOREIGN KEY (user_id) REFERENCES public.users_customuser(id) DEFERRABLE INITIALLY DEFERRED;


--
-- Name: aviation_airplaneseat aviation_airplanesea_airplane_id_10ea037e_fk_aviation_; Type: FK CONSTRAINT; Schema: public; Owner: oleksandrpechak
--

ALTER TABLE ONLY public.aviation_airplaneseat
    ADD CONSTRAINT aviation_airplanesea_airplane_id_10ea037e_fk_aviation_ FOREIGN KEY (airplane_id) REFERENCES public.aviation_airplane(id) DEFERRABLE INITIALLY DEFERRED;


--
-- Name: aviation_airport_airline aviation_airport_air_airline_id_e4d0a5c9_fk_aviation_; Type: FK CONSTRAINT; Schema: public; Owner: oleksandrpechak
--

ALTER TABLE ONLY public.aviation_airport_airline
    ADD CONSTRAINT aviation_airport_air_airline_id_e4d0a5c9_fk_aviation_ FOREIGN KEY (airline_id) REFERENCES public.aviation_airline(id) DEFERRABLE INITIALLY DEFERRED;


--
-- Name: aviation_airport_airline aviation_airport_air_airport_id_24a09699_fk_aviation_; Type: FK CONSTRAINT; Schema: public; Owner: oleksandrpechak
--

ALTER TABLE ONLY public.aviation_airport_airline
    ADD CONSTRAINT aviation_airport_air_airport_id_24a09699_fk_aviation_ FOREIGN KEY (airport_id) REFERENCES public.aviation_airport(id) DEFERRABLE INITIALLY DEFERRED;


--
-- Name: aviation_airport aviation_airport_city_id_76140dd3_fk_locations_city_id; Type: FK CONSTRAINT; Schema: public; Owner: oleksandrpechak
--

ALTER TABLE ONLY public.aviation_airport
    ADD CONSTRAINT aviation_airport_city_id_76140dd3_fk_locations_city_id FOREIGN KEY (city_id) REFERENCES public.locations_city(id) DEFERRABLE INITIALLY DEFERRED;


--
-- Name: aviation_fleetitem aviation_fleetitem_airline_id_10750576_fk_aviation_airline_id; Type: FK CONSTRAINT; Schema: public; Owner: oleksandrpechak
--

ALTER TABLE ONLY public.aviation_fleetitem
    ADD CONSTRAINT aviation_fleetitem_airline_id_10750576_fk_aviation_airline_id FOREIGN KEY (airline_id) REFERENCES public.aviation_airline(id) DEFERRABLE INITIALLY DEFERRED;


--
-- Name: aviation_fleetitem aviation_fleetitem_airplane_id_e023843e_fk_aviation_airplane_id; Type: FK CONSTRAINT; Schema: public; Owner: oleksandrpechak
--

ALTER TABLE ONLY public.aviation_fleetitem
    ADD CONSTRAINT aviation_fleetitem_airplane_id_e023843e_fk_aviation_airplane_id FOREIGN KEY (airplane_id) REFERENCES public.aviation_airplane(id) DEFERRABLE INITIALLY DEFERRED;


--
-- Name: django_admin_log django_admin_log_content_type_id_c4bce8eb_fk_django_co; Type: FK CONSTRAINT; Schema: public; Owner: oleksandrpechak
--

ALTER TABLE ONLY public.django_admin_log
    ADD CONSTRAINT django_admin_log_content_type_id_c4bce8eb_fk_django_co FOREIGN KEY (content_type_id) REFERENCES public.django_content_type(id) DEFERRABLE INITIALLY DEFERRED;


--
-- Name: django_admin_log django_admin_log_user_id_c564eba6_fk_users_customuser_id; Type: FK CONSTRAINT; Schema: public; Owner: oleksandrpechak
--

ALTER TABLE ONLY public.django_admin_log
    ADD CONSTRAINT django_admin_log_user_id_c564eba6_fk_users_customuser_id FOREIGN KEY (user_id) REFERENCES public.users_customuser(id) DEFERRABLE INITIALLY DEFERRED;


--
-- Name: flights_booking flights_booking_user_id_499c4f24_fk_users_customuser_id; Type: FK CONSTRAINT; Schema: public; Owner: oleksandrpechak
--

ALTER TABLE ONLY public.flights_booking
    ADD CONSTRAINT flights_booking_user_id_499c4f24_fk_users_customuser_id FOREIGN KEY (user_id) REFERENCES public.users_customuser(id) DEFERRABLE INITIALLY DEFERRED;


--
-- Name: flights_flight flights_flight_airline_name_id_c089e61f_fk_aviation_airline_id; Type: FK CONSTRAINT; Schema: public; Owner: oleksandrpechak
--

ALTER TABLE ONLY public.flights_flight
    ADD CONSTRAINT flights_flight_airline_name_id_c089e61f_fk_aviation_airline_id FOREIGN KEY (airline_name_id) REFERENCES public.aviation_airline(id) DEFERRABLE INITIALLY DEFERRED;


--
-- Name: flights_flight flights_flight_airplane_id_daecf5ae_fk_aviation_fleetitem_id; Type: FK CONSTRAINT; Schema: public; Owner: oleksandrpechak
--

ALTER TABLE ONLY public.flights_flight
    ADD CONSTRAINT flights_flight_airplane_id_daecf5ae_fk_aviation_fleetitem_id FOREIGN KEY (airplane_id) REFERENCES public.aviation_fleetitem(id) DEFERRABLE INITIALLY DEFERRED;


--
-- Name: flights_flight flights_flight_arrival_airport_id_84ab2819_fk_aviation_; Type: FK CONSTRAINT; Schema: public; Owner: oleksandrpechak
--

ALTER TABLE ONLY public.flights_flight
    ADD CONSTRAINT flights_flight_arrival_airport_id_84ab2819_fk_aviation_ FOREIGN KEY (arrival_airport_id) REFERENCES public.aviation_airport(id) DEFERRABLE INITIALLY DEFERRED;


--
-- Name: flights_flight flights_flight_departure_airport_id_b2e6f2f5_fk_aviation_; Type: FK CONSTRAINT; Schema: public; Owner: oleksandrpechak
--

ALTER TABLE ONLY public.flights_flight
    ADD CONSTRAINT flights_flight_departure_airport_id_b2e6f2f5_fk_aviation_ FOREIGN KEY (departure_airport_id) REFERENCES public.aviation_airport(id) DEFERRABLE INITIALLY DEFERRED;


--
-- Name: flights_ticket flights_ticket_booking_id_6d6c0456_fk_flights_booking_id; Type: FK CONSTRAINT; Schema: public; Owner: oleksandrpechak
--

ALTER TABLE ONLY public.flights_ticket
    ADD CONSTRAINT flights_ticket_booking_id_6d6c0456_fk_flights_booking_id FOREIGN KEY (booking_id) REFERENCES public.flights_booking(id) DEFERRABLE INITIALLY DEFERRED;


--
-- Name: flights_ticket flights_ticket_flight_number_id_44e19186_fk_flights_flight_id; Type: FK CONSTRAINT; Schema: public; Owner: oleksandrpechak
--

ALTER TABLE ONLY public.flights_ticket
    ADD CONSTRAINT flights_ticket_flight_number_id_44e19186_fk_flights_flight_id FOREIGN KEY (flight_number_id) REFERENCES public.flights_flight(id) DEFERRABLE INITIALLY DEFERRED;


--
-- Name: flights_ticket flights_ticket_flight_seat_id_fc7c6481_fk_aviation_; Type: FK CONSTRAINT; Schema: public; Owner: oleksandrpechak
--

ALTER TABLE ONLY public.flights_ticket
    ADD CONSTRAINT flights_ticket_flight_seat_id_fc7c6481_fk_aviation_ FOREIGN KEY (flight_seat_id) REFERENCES public.aviation_airplaneseat(id) DEFERRABLE INITIALLY DEFERRED;


--
-- Name: flights_ticket flights_ticket_passenger_name_id_b2f59496_fk_users_cus; Type: FK CONSTRAINT; Schema: public; Owner: oleksandrpechak
--

ALTER TABLE ONLY public.flights_ticket
    ADD CONSTRAINT flights_ticket_passenger_name_id_b2f59496_fk_users_cus FOREIGN KEY (passenger_name_id) REFERENCES public.users_customuser(id) DEFERRABLE INITIALLY DEFERRED;


--
-- Name: locations_city locations_city_country_id_b1e09d1d_fk_locations_country_id; Type: FK CONSTRAINT; Schema: public; Owner: oleksandrpechak
--

ALTER TABLE ONLY public.locations_city
    ADD CONSTRAINT locations_city_country_id_b1e09d1d_fk_locations_country_id FOREIGN KEY (country_id) REFERENCES public.locations_country(id) DEFERRABLE INITIALLY DEFERRED;


--
-- Name: payments_payment payments_payment_booking_id_2a46974b_fk_flights_booking_id; Type: FK CONSTRAINT; Schema: public; Owner: oleksandrpechak
--

ALTER TABLE ONLY public.payments_payment
    ADD CONSTRAINT payments_payment_booking_id_2a46974b_fk_flights_booking_id FOREIGN KEY (booking_id) REFERENCES public.flights_booking(id) DEFERRABLE INITIALLY DEFERRED;


--
-- Name: users_customuser_groups users_customuser_gro_customuser_id_958147bf_fk_users_cus; Type: FK CONSTRAINT; Schema: public; Owner: oleksandrpechak
--

ALTER TABLE ONLY public.users_customuser_groups
    ADD CONSTRAINT users_customuser_gro_customuser_id_958147bf_fk_users_cus FOREIGN KEY (customuser_id) REFERENCES public.users_customuser(id) DEFERRABLE INITIALLY DEFERRED;


--
-- Name: users_customuser_groups users_customuser_groups_group_id_01390b14_fk_auth_group_id; Type: FK CONSTRAINT; Schema: public; Owner: oleksandrpechak
--

ALTER TABLE ONLY public.users_customuser_groups
    ADD CONSTRAINT users_customuser_groups_group_id_01390b14_fk_auth_group_id FOREIGN KEY (group_id) REFERENCES public.auth_group(id) DEFERRABLE INITIALLY DEFERRED;


--
-- Name: users_customuser_user_permissions users_customuser_use_customuser_id_5771478b_fk_users_cus; Type: FK CONSTRAINT; Schema: public; Owner: oleksandrpechak
--

ALTER TABLE ONLY public.users_customuser_user_permissions
    ADD CONSTRAINT users_customuser_use_customuser_id_5771478b_fk_users_cus FOREIGN KEY (customuser_id) REFERENCES public.users_customuser(id) DEFERRABLE INITIALLY DEFERRED;


--
-- Name: users_customuser_user_permissions users_customuser_use_permission_id_baaa2f74_fk_auth_perm; Type: FK CONSTRAINT; Schema: public; Owner: oleksandrpechak
--

ALTER TABLE ONLY public.users_customuser_user_permissions
    ADD CONSTRAINT users_customuser_use_permission_id_baaa2f74_fk_auth_perm FOREIGN KEY (permission_id) REFERENCES public.auth_permission(id) DEFERRABLE INITIALLY DEFERRED;


--
-- PostgreSQL database dump complete
--

\unrestrict pWSmjkWV93XY9EGGYDB3Ct08cuB1gwYl8xRKgPkUGlNTUdE5jeGjYaprA40w7xE

